year,cik,name,sic,group,ticker,tiingo_start,tiingo_end,exchange,status,filed,last_10k
2010,99047,NYFIX INC,7373,cloud,,,,,unmapped,2009-03-16,2009-03-16
2010,746838,UNISYS CORP,7373,cloud,UIS,1972-06-01,2026-09-29,NYSE,listed,2009-03-02,2026-02-25
2010,858877,"CISCO SYSTEMS, INC.",3576,network,CSCO,1990-03-26,2026-09-29,NASDAQ,listed,2009-09-11,2026-09-02
2010,949158,CRAY INC,3571,semis,CRAY,1995-09-27,2019-09-25,NASDAQ,delisted,2009-03-13,2019-02-12
2010,1044435,"P10 Industries, Inc.",4911,infra,,,,,unmapped,2009-03-03,2017-03-14
2010,1045810,NVIDIA CORP,3674,semis,NVDA,1999-01-22,2026-09-29,NASDAQ,listed,2009-03-13,2026-02-25
2010,1056386,Internap Corp,7370,cloud,INAPQ,1999-09-29,2020-04-30,NASDAQ,delisted,2009-03-13,2020-05-08
2010,1063254,S1 CORP /DE/,7370,cloud,,,,,unmapped,2009-03-05,2011-03-11
2010,1107694,"RACKSPACE HOSTING, INC.",7370,cloud,RAX,2008-08-07,2016-11-11,NYSE,delisted,2009-03-02,2016-02-26
2010,1124610,VMWARE LLC,7372,cloud,VMW,2007-08-15,2023-11-22,NYSE,delisted,2009-02-26,2023-03-28
2010,1297996,"DIGITAL REALTY TRUST, INC.",6798,infra,DLR,2004-10-29,2026-09-29,NYSE,listed,2009-03-02,2011-02-25
2010,1316625,Silicon Graphics International Corp,3571,semis,SGI,2003-12-18,2026-09-29,NYSE,delisted,2009-03-19,2016-09-02
2010,1356104,"Mellanox Technologies, Ltd.",3674,semis,MLNX,2007-02-08,2020-04-27,NASDAQ,delisted,2009-03-12,2020-02-20
2010,1396536,"DUOS TECHNOLOGIES GROUP, INC.",7372,cloud,,,,,unmapped,2009-03-16,2026-03-31
2010,1402305,"SuccessFactors, Inc.",7372,cloud,,,,,unmapped,2009-02-27,2012-03-16
2010,1412130,"Dot VN, Inc.",7370,cloud,,,,,unmapped,2009-07-29,2011-08-16
2011,2488,ADVANCED MICRO DEVICES INC,3674,semis,AMD,1983-03-21,2026-09-29,NASDAQ,listed,2010-02-19,2026-02-04
2011,746838,UNISYS CORP,7373,cloud,UIS,1972-06-01,2026-09-29,NYSE,listed,2010-02-24,2026-02-25
2011,858877,"CISCO SYSTEMS, INC.",3576,network,CSCO,1990-03-26,2026-09-29,NASDAQ,listed,2010-09-21,2026-09-02
2011,877890,CITRIX SYSTEMS INC,7372,cloud,CTXS,1995-12-08,2022-11-02,NASDAQ,delisted,2010-02-24,2022-02-16
2011,880446,VITESSE SEMICONDUCTOR CORP,3674,semis,VTSS,1991-12-11,2015-05-06,NASDAQ,delisted,2010-12-01,2014-12-04
2011,918386,QLOGIC CORP,3576,network,,,,,unmapped,2010-05-20,2016-05-26
2011,949158,CRAY INC,3571,semis,CRAY,1995-09-27,2019-09-25,NASDAQ,delisted,2010-03-16,2019-02-12
2011,1005757,CSG SYSTEMS INTERNATIONAL INC,7374,cloud,CSGS,1996-02-28,2026-05-14,NASDAQ,delisted,2010-02-23,2026-02-19
2011,1044435,"P10 Industries, Inc.",4911,infra,,,,,unmapped,2010-03-04,2017-03-14
2011,1045810,NVIDIA CORP,3674,semis,NVDA,1999-01-22,2026-09-29,NASDAQ,listed,2010-03-18,2026-02-25
2011,1056386,Internap Corp,7370,cloud,INAPQ,1999-09-29,2020-04-30,NASDAQ,delisted,2010-03-02,2020-05-08
2011,1056923,DATALINK CORP,7373,cloud,DTLK,2001-01-02,2017-01-09,NASDAQ,delisted,2010-03-31,2016-03-14
2011,1063254,S1 CORP /DE/,7370,cloud,,,,,unmapped,2010-03-05,2011-03-11
2011,1078271,EXTREME NETWORKS INC,3576,network,EXTR,1999-04-09,2026-09-29,NASDAQ,listed,2010-08-20,2026-08-17
2011,1107694,"RACKSPACE HOSTING, INC.",7370,cloud,RAX,2008-08-07,2016-11-11,NYSE,delisted,2010-02-26,2016-02-26
2011,1124610,VMWARE LLC,7372,cloud,VMW,2007-08-15,2023-11-22,NYSE,delisted,2010-03-01,2023-03-28
2011,1297996,"DIGITAL REALTY TRUST, INC.",6798,infra,DLR,2004-10-29,2026-09-29,NYSE,listed,2010-02-26,2011-02-25
2011,1316625,Silicon Graphics International Corp,3571,semis,SGI,2003-12-18,2026-09-29,NYSE,delisted,2010-09-08,2016-09-02
2011,1356104,"Mellanox Technologies, Ltd.",3674,semis,MLNX,2007-02-08,2020-04-27,NASDAQ,delisted,2010-03-05,2020-02-20
2011,1396536,"DUOS TECHNOLOGIES GROUP, INC.",7372,cloud,,,,,unmapped,2010-03-29,2026-03-31
2011,1402305,"SuccessFactors, Inc.",7372,cloud,,,,,unmapped,2010-02-26,2012-03-16
2011,1412130,"Dot VN, Inc.",7370,cloud,,,,,unmapped,2010-07-29,2011-08-16
2011,1419951,Data Storage Corp,7374,cloud,DTST,2010-09-20,2026-09-29,NASDAQ,listed,2010-04-16,2026-04-14
2011,1420302,"LogMeIn, Inc.",7372,cloud,LOGM,2009-07-01,2020-08-31,NASDAQ,delisted,2010-02-26,2020-02-14
2011,1474439,"Telenav, Inc.",3812,infra,TNAV,2010-05-13,2021-02-17,NASDAQ,delisted,2010-09-24,2020-08-21
2012,2488,ADVANCED MICRO DEVICES INC,3674,semis,AMD,1983-03-21,2026-09-29,NASDAQ,listed,2011-02-18,2026-02-04
2012,746838,UNISYS CORP,7373,cloud,UIS,1972-06-01,2026-09-29,NYSE,listed,2011-02-22,2026-02-25
2012,790070,EMC CORP,3572,semis,EMC,1988-12-16,2016-09-15,NYSE,delisted,2011-02-28,2016-02-25
2012,858877,"CISCO SYSTEMS, INC.",3576,network,CSCO,1990-03-26,2026-09-29,NASDAQ,listed,2011-09-14,2026-09-02
2012,860546,COPT DEFENSE PROPERTIES,6798,infra,CDP,1991-12-31,2026-09-29,NYSE,listed,2011-02-11,2026-02-20
2012,877890,CITRIX SYSTEMS INC,7372,cloud,CTXS,1995-12-08,2022-11-02,NASDAQ,delisted,2011-02-24,2022-02-16
2012,880446,VITESSE SEMICONDUCTOR CORP,3674,semis,VTSS,1991-12-11,2015-05-06,NASDAQ,delisted,2011-12-06,2014-12-04
2012,918386,QLOGIC CORP,3576,network,,,,,unmapped,2011-05-26,2016-05-26
2012,949158,CRAY INC,3571,semis,CRAY,1995-09-27,2019-09-25,NASDAQ,delisted,2011-03-04,2019-02-12
2012,1005757,CSG SYSTEMS INTERNATIONAL INC,7374,cloud,CSGS,1996-02-28,2026-05-14,NASDAQ,delisted,2011-03-09,2026-02-19
2012,1016125,ULTIMATE SOFTWARE GROUP INC,7372,cloud,ULTI,1998-06-17,2019-05-03,NASDAQ,delisted,2011-03-01,2019-03-01
2012,1044435,"P10 Industries, Inc.",4911,infra,,,,,unmapped,2011-03-02,2017-03-14
2012,1045810,NVIDIA CORP,3674,semis,NVDA,1999-01-22,2026-09-29,NASDAQ,listed,2011-03-16,2026-02-25
2012,1056386,Internap Corp,7370,cloud,INAPQ,1999-09-29,2020-04-30,NASDAQ,delisted,2011-02-24,2020-05-08
2012,1056923,DATALINK CORP,7373,cloud,DTLK,2001-01-02,2017-01-09,NASDAQ,delisted,2011-03-01,2016-03-14
2012,1078271,EXTREME NETWORKS INC,3576,network,EXTR,1999-04-09,2026-09-29,NASDAQ,listed,2011-08-30,2026-08-17
2012,1107694,"RACKSPACE HOSTING, INC.",7370,cloud,RAX,2008-08-07,2016-11-11,NYSE,delisted,2011-02-22,2016-02-26
2012,1124610,VMWARE LLC,7372,cloud,VMW,2007-08-15,2023-11-22,NYSE,delisted,2011-02-28,2023-03-28
2012,1286225,"RealPage, Inc.",7372,cloud,RP,2010-08-12,2021-04-22,NASDAQ,delisted,2011-02-28,2021-03-01
2012,1297996,"DIGITAL REALTY TRUST, INC.",6798,infra,DLR,2004-10-29,2026-09-29,NYSE,listed,2011-02-25,2011-02-25
2012,1316625,Silicon Graphics International Corp,3571,semis,SGI,2003-12-18,2026-09-29,NYSE,delisted,2011-08-29,2016-09-02
2012,1337615,China Intelligence Information Systems Inc.,7372,cloud,,,,,unmapped,2011-03-29,2011-03-29
2012,1356104,"Mellanox Technologies, Ltd.",3674,semis,MLNX,2007-02-08,2020-04-27,NASDAQ,delisted,2011-03-07,2020-02-20
2012,1383729,"FUSION-IO, INC.",3572,semis,FIO,2011-06-09,2014-07-23,NYSE,delisted,2011-09-02,2013-08-28
2012,1396536,"DUOS TECHNOLOGIES GROUP, INC.",7372,cloud,,,,,unmapped,2011-03-30,2026-03-31
2012,1412130,"Dot VN, Inc.",7370,cloud,,,,,unmapped,2011-08-16,2011-08-16
2012,1419951,Data Storage Corp,7374,cloud,DTST,2010-09-20,2026-09-29,NASDAQ,listed,2011-04-15,2026-04-14
2012,1420302,"LogMeIn, Inc.",7372,cloud,LOGM,2009-07-01,2020-08-31,NASDAQ,delisted,2011-02-28,2020-02-14
2012,1482974,"Carter Validus Mission Critical REIT, Inc.",6798,infra,,,,,unmapped,2011-03-31,2019-03-22
2012,1490892,CoreSite Realty Corp,6798,infra,COR,1995-04-04,2026-09-29,NYSE,delisted,2011-03-11,2021-02-05
2013,2488,ADVANCED MICRO DEVICES INC,3674,semis,AMD,1983-03-21,2026-09-29,NASDAQ,listed,2012-02-24,2026-02-04
2013,711065,APPLIED MICRO CIRCUITS CORP,3674,semis,AMCC,2001-01-02,2017-02-03,NASDAQ,delisted,2012-05-17,2016-05-20
2013,746838,UNISYS CORP,7373,cloud,UIS,1972-06-01,2026-09-29,NYSE,listed,2012-02-24,2026-02-25
2013,858877,"CISCO SYSTEMS, INC.",3576,network,CSCO,1990-03-26,2026-09-29,NASDAQ,listed,2012-09-12,2026-09-02
2013,860546,COPT DEFENSE PROPERTIES,6798,infra,CDP,1991-12-31,2026-09-29,NYSE,listed,2012-02-10,2026-02-20
2013,877890,CITRIX SYSTEMS INC,7372,cloud,CTXS,1995-12-08,2022-11-02,NASDAQ,delisted,2012-02-23,2022-02-16
2013,880446,VITESSE SEMICONDUCTOR CORP,3674,semis,VTSS,1991-12-11,2015-05-06,NASDAQ,delisted,2012-12-04,2014-12-04
2013,949158,CRAY INC,3571,semis,CRAY,1995-09-27,2019-09-25,NASDAQ,delisted,2012-02-27,2019-02-12
2013,1005757,CSG SYSTEMS INTERNATIONAL INC,7374,cloud,CSGS,1996-02-28,2026-05-14,NASDAQ,delisted,2012-03-15,2026-02-19
2013,1016125,ULTIMATE SOFTWARE GROUP INC,7372,cloud,ULTI,1998-06-17,2019-05-03,NASDAQ,delisted,2012-02-29,2019-03-01
2013,1044435,"P10 Industries, Inc.",4911,infra,,,,,unmapped,2012-03-01,2017-03-14
2013,1045810,NVIDIA CORP,3674,semis,NVDA,1999-01-22,2026-09-29,NASDAQ,listed,2012-03-13,2026-02-25
2013,1056386,Internap Corp,7370,cloud,INAPQ,1999-09-29,2020-04-30,NASDAQ,delisted,2012-02-23,2020-05-08
2013,1056923,DATALINK CORP,7373,cloud,DTLK,2001-01-02,2017-01-09,NASDAQ,delisted,2012-03-15,2016-03-14
2013,1078271,EXTREME NETWORKS INC,3576,network,EXTR,1999-04-09,2026-09-29,NASDAQ,listed,2012-08-23,2026-08-17
2013,1107694,"RACKSPACE HOSTING, INC.",7370,cloud,RAX,2008-08-07,2016-11-11,NYSE,delisted,2012-02-17,2016-02-26
2013,1124610,VMWARE LLC,7372,cloud,VMW,2007-08-15,2023-11-22,NYSE,delisted,2012-02-24,2023-03-28
2013,1166220,"LYRIS, INC.",7372,cloud,NOV,1996-10-29,2026-09-29,NYSE,delisted,2012-09-14,2014-09-18
2013,1286225,"RealPage, Inc.",7372,cloud,RP,2010-08-12,2021-04-22,NASDAQ,delisted,2012-02-24,2021-03-01
2013,1311241,INTERMOLECULAR INC,3674,semis,IMI,2011-11-18,2019-09-20,NASDAQ,delisted,2012-03-16,2019-03-08
2013,1316625,Silicon Graphics International Corp,3571,semis,SGI,2003-12-18,2026-09-29,NYSE,delisted,2012-09-10,2016-09-02
2013,1340127,Carbonite Inc,7374,cloud,CARB,2011-08-11,2020-01-10,NASDAQ,delisted,2012-03-07,2019-02-28
2013,1356104,"Mellanox Technologies, Ltd.",3674,semis,MLNX,2007-02-08,2020-04-27,NASDAQ,delisted,2012-02-28,2020-02-20
2013,1375365,"Super Micro Computer, Inc.",3571,semis,SMCI,2007-03-29,2026-09-29,NASDAQ,listed,2012-09-13,2026-08-31
2013,1383729,"FUSION-IO, INC.",3572,semis,FIO,2011-06-09,2014-07-23,NYSE,delisted,2012-08-27,2013-08-28
2013,1392448,"Midas Medici Group Holdings, Inc.",7372,cloud,,,,,unmapped,2012-04-16,2012-04-16
2013,1396536,"DUOS TECHNOLOGIES GROUP, INC.",7372,cloud,,,,,unmapped,2012-03-30,2026-03-31
2013,1418175,DuPont Fabros Technology LP,6798,infra,DFT,2007-10-19,2017-09-28,NYSE,delisted,2012-02-23,2017-02-23
2013,1419951,Data Storage Corp,7374,cloud,DTST,2010-09-20,2026-09-29,NASDAQ,listed,2012-04-16,2026-04-14
2013,1420302,"LogMeIn, Inc.",7372,cloud,LOGM,2009-07-01,2020-08-31,NASDAQ,delisted,2012-02-24,2020-02-14
2013,1462633,"Jive Software, Inc.",7374,cloud,,,,,unmapped,2012-03-12,2017-02-28
2013,1476638,"Rackwise, Inc.",7372,cloud,,,,,unmapped,2012-03-30,2014-04-15
2013,1482974,"Carter Validus Mission Critical REIT, Inc.",6798,infra,,,,,unmapped,2012-03-29,2019-03-22
2013,1490892,CoreSite Realty Corp,6798,infra,COR,1995-04-04,2026-09-29,NYSE,delisted,2012-02-24,2021-02-05
2014,2488,ADVANCED MICRO DEVICES INC,3674,semis,AMD,1983-03-21,2026-09-29,NASDAQ,listed,2013-02-21,2026-02-04
2014,50863,INTEL CORP,3674,semis,INTC,1980-03-17,2026-09-29,NASDAQ,listed,2013-02-19,2026-01-23
2014,711065,APPLIED MICRO CIRCUITS CORP,3674,semis,AMCC,2001-01-02,2017-02-03,NASDAQ,delisted,2013-06-11,2016-05-20
2014,746838,UNISYS CORP,7373,cloud,UIS,1972-06-01,2026-09-29,NYSE,listed,2013-02-22,2026-02-25
2014,790070,EMC CORP,3572,semis,EMC,1988-12-16,2016-09-15,NYSE,delisted,2013-02-27,2016-02-25
2014,855612,ZIX CORP,7374,cloud,ZIXI,1989-11-10,2021-12-23,NASDAQ,delisted,2013-03-13,2021-03-05
2014,858877,"CISCO SYSTEMS, INC.",3576,network,CSCO,1990-03-26,2026-09-29,NASDAQ,listed,2013-09-10,2026-09-02
2014,860546,COPT DEFENSE PROPERTIES,6798,infra,CDP,1991-12-31,2026-09-29,NYSE,listed,2013-02-12,2026-02-20
2014,880446,VITESSE SEMICONDUCTOR CORP,3674,semis,VTSS,1991-12-11,2015-05-06,NASDAQ,delisted,2013-12-05,2014-12-04
2014,949158,CRAY INC,3571,semis,CRAY,1995-09-27,2019-09-25,NASDAQ,delisted,2013-02-28,2019-02-12
2014,1009626,BROCADE COMMUNICATIONS SYSTEMS INC,3577,semis,BRCD,1999-05-25,2017-11-20,NASDAQ,delisted,2013-12-16,2016-12-16
2014,1016125,ULTIMATE SOFTWARE GROUP INC,7372,cloud,ULTI,1998-06-17,2019-05-03,NASDAQ,delisted,2013-02-28,2019-03-01
2014,1044435,"P10 Industries, Inc.",4911,infra,,,,,unmapped,2013-03-04,2017-03-14
2014,1045810,NVIDIA CORP,3674,semis,NVDA,1999-01-22,2026-09-29,NASDAQ,listed,2013-03-12,2026-02-25
2014,1048695,"F5, INC.",3576,network,FFIV,1999-06-04,2026-09-29,NASDAQ,listed,2013-11-22,2025-11-25
2014,1056386,Internap Corp,7370,cloud,INAPQ,1999-09-29,2020-04-30,NASDAQ,delisted,2013-02-21,2020-05-08
2014,1056923,DATALINK CORP,7373,cloud,DTLK,2001-01-02,2017-01-09,NASDAQ,delisted,2013-03-15,2016-03-14
2014,1078271,EXTREME NETWORKS INC,3576,network,EXTR,1999-04-09,2026-09-29,NASDAQ,listed,2013-08-30,2026-08-17
2014,1107694,"RACKSPACE HOSTING, INC.",7370,cloud,RAX,2008-08-07,2016-11-11,NYSE,delisted,2013-03-01,2016-02-26
2014,1107843,"QUALYS, INC.",7372,cloud,QLYS,2012-09-28,2026-09-29,NASDAQ,listed,2013-03-05,2026-02-20
2014,1124610,VMWARE LLC,7372,cloud,VMW,2007-08-15,2023-11-22,NYSE,delisted,2013-02-27,2023-03-28
2014,1166220,"LYRIS, INC.",7372,cloud,NOV,1996-10-29,2026-09-29,NYSE,delisted,2013-09-19,2014-09-18
2014,1182325,TANGOE INC,7372,cloud,TNGO,2011-07-27,2017-07-21,NASDAQ,delisted,2013-03-18,2015-03-16
2014,1212458,PROOFPOINT INC,7374,cloud,PFPT,2012-04-20,2021-08-31,NASDAQ,delisted,2013-03-08,2021-02-19
2014,1286225,"RealPage, Inc.",7372,cloud,RP,2010-08-12,2021-04-22,NASDAQ,delisted,2013-02-27,2021-03-01
2014,1311241,INTERMOLECULAR INC,3674,semis,IMI,2011-11-18,2019-09-20,NASDAQ,delisted,2013-03-04,2019-03-08
2014,1316625,Silicon Graphics International Corp,3571,semis,SGI,2003-12-18,2026-09-29,NYSE,delisted,2013-09-09,2016-09-02
2014,1326801,"Meta Platforms, Inc.",7370,cloud,META,2012-05-18,2026-09-29,NASDAQ,listed,2013-02-01,2026-01-29
2014,1327811,"Workday, Inc.",7374,cloud,WDAY,2012-10-12,2026-09-29,NASDAQ,listed,2013-03-22,2026-03-06
2014,1340127,Carbonite Inc,7374,cloud,CARB,2011-08-11,2020-01-10,NASDAQ,delisted,2013-03-06,2019-02-28
2014,1356104,"Mellanox Technologies, Ltd.",3674,semis,MLNX,2007-02-08,2020-04-27,NASDAQ,delisted,2013-02-25,2020-02-20
2014,1373715,"ServiceNow, Inc.",7372,cloud,NOW,2012-06-29,2026-09-29,NYSE,listed,2013-03-08,2026-01-29
2014,1375365,"Super Micro Computer, Inc.",3571,semis,SMCI,2007-03-29,2026-09-29,NASDAQ,listed,2013-09-11,2026-08-31
2014,1383729,"FUSION-IO, INC.",3572,semis,FIO,2011-06-09,2014-07-23,NYSE,delisted,2013-08-28,2013-08-28
2014,1396536,"DUOS TECHNOLOGIES GROUP, INC.",7372,cloud,,,,,unmapped,2013-04-01,2026-03-31
2014,1418175,DuPont Fabros Technology LP,6798,infra,DFT,2007-10-19,2017-09-28,NYSE,delisted,2013-02-21,2017-02-23
2014,1420302,"LogMeIn, Inc.",7372,cloud,LOGM,2009-07-01,2020-08-31,NASDAQ,delisted,2013-02-22,2020-02-14
2014,1462633,"Jive Software, Inc.",7374,cloud,,,,,unmapped,2013-02-25,2017-02-28
2014,1476638,"Rackwise, Inc.",7372,cloud,,,,,unmapped,2013-04-16,2014-04-15
2014,1482974,"Carter Validus Mission Critical REIT, Inc.",6798,infra,,,,,unmapped,2013-04-01,2019-03-22
2014,1490892,CoreSite Realty Corp,6798,infra,COR,1995-04-04,2026-09-29,NYSE,delisted,2013-02-25,2021-02-05
2014,1553023,CyrusOne Holdco LLC,6798,infra,CONE,2013-01-18,2022-03-25,NASDAQ,delisted,2013-03-29,2022-02-17
2015,2488,ADVANCED MICRO DEVICES INC,3674,semis,AMD,1983-03-21,2026-09-29,NASDAQ,listed,2014-02-18,2026-02-04
2015,711065,APPLIED MICRO CIRCUITS CORP,3674,semis,AMCC,2001-01-02,2017-02-03,NASDAQ,delisted,2014-05-30,2016-05-20
2015,746838,UNISYS CORP,7373,cloud,UIS,1972-06-01,2026-09-29,NYSE,listed,2014-02-24,2026-02-25
2015,790070,EMC CORP,3572,semis,EMC,1988-12-16,2016-09-15,NYSE,delisted,2014-02-25,2016-02-25
2015,855612,ZIX CORP,7374,cloud,ZIXI,1989-11-10,2021-12-23,NASDAQ,delisted,2014-03-12,2021-03-05
2015,858877,"CISCO SYSTEMS, INC.",3576,network,CSCO,1990-03-26,2026-09-29,NASDAQ,listed,2014-09-09,2026-09-02
2015,880446,VITESSE SEMICONDUCTOR CORP,3674,semis,VTSS,1991-12-11,2015-05-06,NASDAQ,delisted,2014-12-04,2014-12-04
2015,949158,CRAY INC,3571,semis,CRAY,1995-09-27,2019-09-25,NASDAQ,delisted,2014-02-13,2019-02-12
2015,1009626,BROCADE COMMUNICATIONS SYSTEMS INC,3576,network,BRCD,1999-05-25,2017-11-20,NASDAQ,delisted,2014-12-19,2016-12-16
2015,1016125,ULTIMATE SOFTWARE GROUP INC,7372,cloud,ULTI,1998-06-17,2019-05-03,NASDAQ,delisted,2014-02-28,2019-03-01
2015,1043604,JUNIPER NETWORKS INC,3576,network,JNPR,1999-06-25,2025-07-02,NYSE,delisted,2014-02-26,2025-02-21
2015,1044435,"P10 Industries, Inc.",4911,infra,,,,,unmapped,2014-03-04,2017-03-14
2015,1045810,NVIDIA CORP,3674,semis,NVDA,1999-01-22,2026-09-29,NASDAQ,listed,2014-03-13,2026-02-25
2015,1048695,"F5, INC.",3576,network,FFIV,1999-06-04,2026-09-29,NASDAQ,listed,2014-11-26,2025-11-25
2015,1056386,Internap Corp,7370,cloud,INAPQ,1999-09-29,2020-04-30,NASDAQ,delisted,2014-02-20,2020-05-08
2015,1056923,DATALINK CORP,7373,cloud,DTLK,2001-01-02,2017-01-09,NASDAQ,delisted,2014-03-17,2016-03-14
2015,1077866,LOOKSMART LTD,7374,cloud,LOOK,1999-08-20,2015-10-27,NASDAQ,delisted,2014-03-31,2015-03-17
2015,1078271,EXTREME NETWORKS INC,3576,network,EXTR,1999-04-09,2026-09-29,NASDAQ,listed,2014-09-15,2026-08-17
2015,1102541,"EarthLink Holdings, LLC",7370,cloud,ELNK,2001-01-02,2017-03-08,NASDAQ,delisted,2014-02-25,2017-02-24
2015,1107694,"RACKSPACE HOSTING, INC.",7370,cloud,RAX,2008-08-07,2016-11-11,NYSE,delisted,2014-03-03,2016-02-26
2015,1107843,"QUALYS, INC.",7372,cloud,QLYS,2012-09-28,2026-09-29,NASDAQ,listed,2014-02-28,2026-02-20
2015,1117106,NETSUITE INC,7372,cloud,,,,,unmapped,2014-03-03,2016-02-24
2015,1124610,VMWARE LLC,7372,cloud,VMW,2007-08-15,2023-11-22,NYSE,delisted,2014-02-25,2023-03-28
2015,1158114,"APPLIED OPTOELECTRONICS, INC.",3674,semis,AAOI,2013-09-26,2026-09-29,NASDAQ,listed,2014-03-06,2026-02-26
2015,1166220,"LYRIS, INC.",7372,cloud,NOV,1996-10-29,2026-09-29,NYSE,delisted,2014-09-18,2014-09-18
2015,1182325,TANGOE INC,7372,cloud,TNGO,2011-07-27,2017-07-21,NASDAQ,delisted,2014-03-17,2015-03-16
2015,1212458,PROOFPOINT INC,7374,cloud,PFPT,2012-04-20,2021-08-31,NASDAQ,delisted,2014-03-14,2021-02-19
2015,1237746,"Endurance International Group Holdings, Inc.",7372,cloud,EIGI,2013-10-25,2021-02-10,NASDAQ,delisted,2014-02-28,2020-02-14
2015,1286225,"RealPage, Inc.",7372,cloud,RP,2010-08-12,2021-04-22,NASDAQ,delisted,2014-03-03,2021-03-01
2015,1311241,INTERMOLECULAR INC,3674,semis,IMI,2011-11-18,2019-09-20,NASDAQ,delisted,2014-03-10,2019-03-08
2015,1313911,Rally Software Development Corp,7372,cloud,RALY,2013-04-12,2015-07-07,NYSE,delisted,2014-04-11,2015-04-07
2015,1316625,Silicon Graphics International Corp,3571,semis,SGI,2003-12-18,2026-09-29,NYSE,delisted,2014-09-08,2016-09-02
2015,1326801,"Meta Platforms, Inc.",7370,cloud,META,2012-05-18,2026-09-29,NASDAQ,listed,2014-01-31,2026-01-29
2015,1327811,"Workday, Inc.",7374,cloud,WDAY,2012-10-12,2026-09-29,NASDAQ,listed,2014-03-31,2026-03-06
2015,1340127,Carbonite Inc,7374,cloud,CARB,2011-08-11,2020-01-10,NASDAQ,delisted,2014-03-05,2019-02-28
2015,1356104,"Mellanox Technologies, Ltd.",3674,semis,MLNX,2007-02-08,2020-04-27,NASDAQ,delisted,2014-02-28,2020-02-20
2015,1364962,IMPERVA INC,7372,cloud,IMPV,2011-11-09,2019-01-10,NASDAQ,delisted,2014-02-28,2018-02-23
2015,1373715,"ServiceNow, Inc.",7372,cloud,NOW,2012-06-29,2026-09-29,NYSE,listed,2014-02-28,2026-01-29
2015,1393052,VEEVA SYSTEMS INC,7372,cloud,VEEV,2013-10-16,2026-09-29,NYSE,listed,2014-03-18,2026-03-20
2015,1396536,"DUOS TECHNOLOGIES GROUP, INC.",7372,cloud,DUOT,2015-04-10,2026-09-29,NASDAQ,listed,2014-04-15,2026-03-31
2015,1407190,Violin Memory Inc,3572,semis,VMEM,2013-09-27,2016-10-27,NYSE,delisted,2014-04-16,2016-04-06
2015,1418175,DuPont Fabros Technology LP,6798,infra,DFT,2007-10-19,2017-09-28,NYSE,delisted,2014-02-12,2017-02-23
2015,1419951,Data Storage Corp,7374,cloud,DTST,2010-09-20,2026-09-29,NASDAQ,listed,2014-04-15,2026-04-14
2015,1420302,"LogMeIn, Inc.",7372,cloud,LOGM,2009-07-01,2020-08-31,NASDAQ,delisted,2014-03-10,2020-02-14
2015,1462633,"Jive Software, Inc.",7374,cloud,,,,,unmapped,2014-03-03,2017-02-28
2015,1476638,"Rackwise, Inc.",7372,cloud,,,,,unmapped,2014-04-15,2014-04-15
2015,1482974,"Carter Validus Mission Critical REIT, Inc.",6798,infra,,,,,unmapped,2014-03-19,2019-03-22
2015,1490660,"Marketo, Inc.",7372,cloud,MKTO,2013-05-16,2016-08-17,NASDAQ,delisted,2014-03-03,2016-03-04
2015,1490892,CoreSite Realty Corp,6798,infra,COR,1995-04-04,2026-09-29,NYSE,delisted,2014-02-14,2021-02-05
2015,1517228,"Vistance Networks, Inc.",3663,network,VISN,2013-10-25,2026-09-29,NASDAQ,listed,2014-02-20,2026-02-26
2015,1575810,CyrusOne LP,6798,infra,CONE,2013-01-18,2022-03-25,NASDAQ,delisted,2014-03-03,2015-02-27
2015,1577368,"QTS Realty Trust, Inc.",6798,infra,QTS,2013-10-09,2021-08-31,NYSE,delisted,2014-03-10,2021-02-26
2015,1577966,"COPT DEFENSE PROPERTIES, L.P.",6798,infra,,,,,unmapped,2014-03-03,2021-02-12
2016,2488,ADVANCED MICRO DEVICES INC,3674,semis,AMD,1983-03-21,2026-09-29,NASDAQ,listed,2015-02-19,2026-02-04
2016,50863,INTEL CORP,3674,semis,INTC,1980-03-17,2026-09-29,NASDAQ,listed,2015-02-13,2026-01-23
2016,711065,APPLIED MICRO CIRCUITS CORP,3674,semis,AMCC,2001-01-02,2017-02-03,NASDAQ,delisted,2015-05-22,2016-05-20
2016,746838,UNISYS CORP,7373,cloud,UIS,1972-06-01,2026-09-29,NYSE,listed,2015-02-23,2026-02-25
2016,855612,ZIX CORP,7374,cloud,ZIXI,1989-11-10,2021-12-23,NASDAQ,delisted,2015-03-11,2021-03-05
2016,858877,"CISCO SYSTEMS, INC.",3576,network,CSCO,1990-03-26,2026-09-29,NASDAQ,listed,2015-09-08,2026-09-02
2016,936395,CIENA CORP,3661,network,CIEN,1997-02-07,2026-09-29,NYSE,listed,2015-12-21,2025-12-12
2016,949158,CRAY INC,3571,semis,CRAY,1995-09-27,2019-09-25,NASDAQ,delisted,2015-02-19,2019-02-12
2016,1009626,BROCADE COMMUNICATIONS SYSTEMS INC,3576,network,BRCD,1999-05-25,2017-11-20,NASDAQ,delisted,2015-12-22,2016-12-16
2016,1016125,ULTIMATE SOFTWARE GROUP INC,7372,cloud,ULTI,1998-06-17,2019-05-03,NASDAQ,delisted,2015-02-27,2019-03-01
2016,1044435,"P10 Industries, Inc.",4911,infra,,,,,unmapped,2015-02-27,2017-03-14
2016,1045810,NVIDIA CORP,3674,semis,NVDA,1999-01-22,2026-09-29,NASDAQ,listed,2015-03-12,2026-02-25
2016,1048695,"F5, INC.",3576,network,FFIV,1999-06-04,2026-09-29,NASDAQ,listed,2015-11-06,2025-11-25
2016,1056386,Internap Corp,7370,cloud,INAPQ,1999-09-29,2020-04-30,NASDAQ,delisted,2015-02-19,2020-05-08
2016,1056923,DATALINK CORP,7373,cloud,DTLK,2001-01-02,2017-01-09,NASDAQ,delisted,2015-03-13,2016-03-14
2016,1078271,EXTREME NETWORKS INC,3576,network,EXTR,1999-04-09,2026-09-29,NASDAQ,listed,2015-09-14,2026-08-17
2016,1107694,"RACKSPACE HOSTING, INC.",7370,cloud,RAX,2008-08-07,2016-11-11,NYSE,delisted,2015-03-02,2016-02-26
2016,1107843,"QUALYS, INC.",7372,cloud,QLYS,2012-09-28,2026-09-29,NASDAQ,listed,2015-03-06,2026-02-20
2016,1108524,"Salesforce, Inc.",7372,cloud,CRM,2004-06-23,2026-09-29,NYSE,listed,2015-03-06,2026-03-02
2016,1117106,NETSUITE INC,7372,cloud,,,,,unmapped,2015-03-02,2016-02-24
2016,1124610,VMWARE LLC,7372,cloud,VMW,2007-08-15,2023-11-22,NYSE,delisted,2015-02-26,2023-03-28
2016,1137789,Seagate Technology Holdings plc,3572,semis,STX,2002-12-11,2026-09-29,NASDAQ,listed,2015-08-12,2026-08-04
2016,1158114,"APPLIED OPTOELECTRONICS, INC.",3674,semis,AAOI,2013-09-26,2026-09-29,NASDAQ,listed,2015-03-05,2026-02-26
2016,1175609,"CAVIUM, INC.",3674,semis,CAVM,2007-05-02,2018-07-09,NASDAQ,delisted,2015-03-02,2018-03-01
2016,1182325,TANGOE INC,7372,cloud,TNGO,2011-07-27,2017-07-21,NASDAQ,delisted,2015-03-16,2015-03-16
2016,1212458,PROOFPOINT INC,7374,cloud,PFPT,2012-04-20,2021-08-31,NASDAQ,delisted,2015-02-26,2021-02-19
2016,1237746,"Endurance International Group Holdings, Inc.",7372,cloud,EIGI,2013-10-25,2021-02-10,NASDAQ,delisted,2015-02-27,2020-02-14
2016,1288469,"MAXLINEAR, INC",3674,semis,MXL,2010-03-24,2026-09-29,NASDAQ,listed,2015-02-23,2026-01-29
2016,1288847,"Five9, Inc.",7374,cloud,FIVN,2014-04-04,2026-09-29,NASDAQ,listed,2015-03-10,2026-02-20
2016,1311241,INTERMOLECULAR INC,3674,semis,IMI,2011-11-18,2019-09-20,NASDAQ,delisted,2015-02-27,2019-03-08
2016,1313911,Rally Software Development Corp,7372,cloud,RALY,2013-04-12,2015-07-07,NYSE,delisted,2015-04-07,2015-04-07
2016,1316625,Silicon Graphics International Corp,3571,semis,SGI,2003-12-18,2026-09-29,NYSE,delisted,2015-09-09,2016-09-02
2016,1326801,"Meta Platforms, Inc.",7370,cloud,META,2012-05-18,2026-09-29,NASDAQ,listed,2015-01-29,2026-01-29
2016,1327811,"Workday, Inc.",7374,cloud,WDAY,2012-10-12,2026-09-29,NASDAQ,listed,2015-03-25,2026-03-06
2016,1340127,Carbonite Inc,7374,cloud,CARB,2011-08-11,2020-01-10,NASDAQ,delisted,2015-03-10,2019-02-28
2016,1356104,"Mellanox Technologies, Ltd.",3674,semis,MLNX,2007-02-08,2020-04-27,NASDAQ,delisted,2015-03-02,2020-02-20
2016,1372612,BOX INC,7372,cloud,BOX,2015-01-23,2026-09-29,NYSE,listed,2015-03-30,2026-03-09
2016,1373715,"ServiceNow, Inc.",7372,cloud,NOW,2012-06-29,2026-09-29,NYSE,listed,2015-02-27,2026-01-29
2016,1375365,"Super Micro Computer, Inc.",3571,semis,SMCI,2007-03-29,2026-09-29,NASDAQ,listed,2015-09-10,2026-08-31
2016,1393052,VEEVA SYSTEMS INC,7372,cloud,VEEV,2013-10-16,2026-09-29,NYSE,listed,2015-04-01,2026-03-20
2016,1397183,"Iveda Solutions, Inc.",7372,cloud,IVDA,2015-10-15,2026-09-29,NASDAQ,listed,2015-03-16,2026-03-31
2016,1407190,Violin Memory Inc,3572,semis,VMEM,2013-09-27,2016-10-27,NYSE,delisted,2015-04-08,2016-04-06
2016,1410384,"Q2 Holdings, Inc.",7372,cloud,QTWO,2014-03-20,2026-09-29,NYSE,listed,2015-02-12,2026-02-11
2016,1418175,DuPont Fabros Technology LP,6798,infra,DFT,2007-10-19,2017-09-28,NYSE,delisted,2015-02-25,2017-02-23
2016,1419951,Data Storage Corp,7374,cloud,DTST,2010-09-20,2026-09-29,NASDAQ,listed,2015-03-31,2026-04-14
2016,1420302,"LogMeIn, Inc.",7372,cloud,LOGM,2009-07-01,2020-08-31,NASDAQ,delisted,2015-02-20,2020-02-14
2016,1433714,"CASTLIGHT HEALTH, INC.",7374,cloud,CSLT,2014-03-14,2022-02-17,NYSE,delisted,2015-03-12,2021-02-24
2016,1463172,"Zendesk, Inc.",7374,cloud,ZEN,2014-05-15,2022-11-21,NYSE,delisted,2015-02-17,2022-02-15
2016,1482974,"Carter Validus Mission Critical REIT, Inc.",6798,infra,,,,,unmapped,2015-03-26,2019-03-22
2016,1490660,"Marketo, Inc.",7372,cloud,MKTO,2013-05-16,2016-08-17,NASDAQ,delisted,2015-03-12,2016-03-04
2016,1490892,CoreSite Realty Corp,6798,infra,COR,1995-04-04,2026-09-29,NYSE,delisted,2015-02-13,2021-02-05
2016,1505155,"Upland Software, Inc.",7372,cloud,UPLD,2014-11-06,2026-09-29,NASDAQ,listed,2015-03-31,2026-03-03
2016,1517228,"Vistance Networks, Inc.",3663,network,VISN,2013-10-25,2026-09-29,NASDAQ,listed,2015-02-20,2026-02-26
2016,1575810,CyrusOne LP,6798,infra,CONE,2013-01-18,2022-03-25,NASDAQ,delisted,2015-02-27,2015-02-27
2016,1577368,"QTS Realty Trust, Inc.",6798,infra,QTS,2013-10-09,2021-08-31,NYSE,delisted,2015-02-23,2021-02-26
2016,1580808,"A10 Networks, Inc.",3576,network,ATEN,2014-03-21,2026-09-29,NYSE,listed,2015-03-11,2026-02-25
2016,1596532,"Arista Networks, Inc.",3576,network,ANET,2014-06-06,2026-09-29,NYSE,listed,2015-03-12,2026-02-17
2017,2488,ADVANCED MICRO DEVICES INC,3674,semis,AMD,1983-03-21,2026-09-29,NASDAQ,listed,2016-02-18,2026-02-04
2017,50863,INTEL CORP,3674,semis,INTC,1980-03-17,2026-09-29,NASDAQ,listed,2016-02-12,2026-01-23
2017,310568,MICROSEMI CORP,3674,semis,MSCC,1990-03-26,2018-05-29,NASDAQ,delisted,2016-11-16,2017-11-14
2017,711065,APPLIED MICRO CIRCUITS CORP,3674,semis,AMCC,2001-01-02,2017-02-03,NASDAQ,delisted,2016-05-20,2016-05-20
2017,740664,R F INDUSTRIES LTD,3678,semis,RFIL,1997-05-28,2026-09-29,NASDAQ,listed,2016-01-28,2026-01-14
2017,858877,"CISCO SYSTEMS, INC.",3576,network,CSCO,1990-03-26,2026-09-29,NASDAQ,listed,2016-09-08,2026-09-02
2017,936395,CIENA CORP,3661,network,CIEN,1997-02-07,2026-09-29,NYSE,listed,2016-12-21,2025-12-12
2017,949158,CRAY INC,3571,semis,CRAY,1995-09-27,2019-09-25,NASDAQ,delisted,2016-02-11,2019-02-12
2017,1016125,ULTIMATE SOFTWARE GROUP INC,7372,cloud,ULTI,1998-06-17,2019-05-03,NASDAQ,delisted,2016-02-26,2019-03-01
2017,1043604,JUNIPER NETWORKS INC,3576,network,JNPR,1999-06-25,2025-07-02,NYSE,delisted,2016-02-19,2025-02-21
2017,1044435,"P10 Industries, Inc.",4911,infra,,,,,unmapped,2016-02-23,2017-03-14
2017,1045810,NVIDIA CORP,3674,semis,NVDA,1999-01-22,2026-09-29,NASDAQ,listed,2016-03-17,2026-02-25
2017,1056386,Internap Corp,7370,cloud,INAPQ,1999-09-29,2020-04-30,NASDAQ,delisted,2016-02-18,2020-05-08
2017,1056923,DATALINK CORP,7373,cloud,DTLK,2001-01-02,2017-01-09,NASDAQ,delisted,2016-03-14,2016-03-14
2017,1078271,EXTREME NETWORKS INC,3576,network,EXTR,1999-04-09,2026-09-29,NASDAQ,listed,2016-09-06,2026-08-17
2017,1101239,EQUINIX INC,6798,infra,EQIX,2000-08-11,2026-09-29,NASDAQ,listed,2016-02-26,2026-02-11
2017,1107694,"RACKSPACE HOSTING, INC.",7370,cloud,RAX,2008-08-07,2016-11-11,NYSE,delisted,2016-02-26,2016-02-26
2017,1107843,"QUALYS, INC.",7372,cloud,QLYS,2012-09-28,2026-09-29,NASDAQ,listed,2016-02-26,2026-02-20
2017,1117106,NETSUITE INC,7372,cloud,,,,,unmapped,2016-02-24,2016-02-24
2017,1124610,VMWARE LLC,7372,cloud,VMW,2007-08-15,2023-11-22,NYSE,delisted,2016-02-25,2023-03-28
2017,1137789,Seagate Technology Holdings plc,3572,semis,STX,2002-12-11,2026-09-29,NASDAQ,listed,2016-08-05,2026-08-04
2017,1158114,"APPLIED OPTOELECTRONICS, INC.",3674,semis,AAOI,2013-09-26,2026-09-29,NASDAQ,listed,2016-03-14,2026-02-26
2017,1160958,INPHI Corp,3674,semis,IPHI,2010-11-12,2021-04-20,NYSE,delisted,2016-02-29,2021-02-25
2017,1175609,"CAVIUM, INC.",3674,semis,CAVM,2007-05-02,2018-07-09,NASDAQ,delisted,2016-02-22,2018-03-01
2017,1212458,PROOFPOINT INC,7374,cloud,PFPT,2012-04-20,2021-08-31,NASDAQ,delisted,2016-02-25,2021-02-19
2017,1227025,NEOPHOTONICS CORP,3674,semis,NPTN,2011-02-02,2022-08-03,NYSE,delisted,2016-03-15,2022-02-25
2017,1237746,"Endurance International Group Holdings, Inc.",7372,cloud,EIGI,2013-10-25,2021-02-10,NASDAQ,delisted,2016-02-29,2020-02-14
2017,1288469,"MAXLINEAR, INC",3674,semis,MXL,2010-03-24,2026-09-29,NASDAQ,listed,2016-02-17,2026-01-29
2017,1288847,"Five9, Inc.",7374,cloud,FIVN,2014-04-04,2026-09-29,NASDAQ,listed,2016-03-03,2026-02-20
2017,1311241,INTERMOLECULAR INC,3674,semis,IMI,2011-11-18,2019-09-20,NASDAQ,delisted,2016-03-28,2019-03-08
2017,1316625,Silicon Graphics International Corp,3571,semis,SGI,2003-12-18,2026-09-29,NYSE,delisted,2016-09-02,2016-09-02
2017,1326801,"Meta Platforms, Inc.",7370,cloud,META,2012-05-18,2026-09-29,NASDAQ,listed,2016-01-28,2026-01-29
2017,1327811,"Workday, Inc.",7374,cloud,WDAY,2012-10-12,2026-09-29,NASDAQ,listed,2016-03-22,2026-03-06
2017,1340127,Carbonite Inc,7374,cloud,CARB,2011-08-11,2020-01-10,NASDAQ,delisted,2016-03-08,2019-02-28
2017,1356104,"Mellanox Technologies, Ltd.",3674,semis,MLNX,2007-02-08,2020-04-27,NASDAQ,delisted,2016-02-26,2020-02-20
2017,1372612,BOX INC,7372,cloud,BOX,2015-01-23,2026-09-29,NYSE,listed,2016-03-30,2026-03-09
2017,1373715,"ServiceNow, Inc.",7372,cloud,NOW,2012-06-29,2026-09-29,NYSE,listed,2016-02-25,2026-01-29
2017,1393052,VEEVA SYSTEMS INC,7372,cloud,VEEV,2013-10-16,2026-09-29,NYSE,listed,2016-03-31,2026-03-20
2017,1397183,"Iveda Solutions, Inc.",7372,cloud,IVDA,2015-10-15,2026-09-29,NASDAQ,listed,2016-06-10,2026-03-31
2017,1407190,Violin Memory Inc,3572,semis,VMEM,2013-09-27,2016-10-27,NYSE,delisted,2016-04-06,2016-04-06
2017,1410384,"Q2 Holdings, Inc.",7372,cloud,QTWO,2014-03-20,2026-09-29,NYSE,listed,2016-02-12,2026-02-11
2017,1418175,DuPont Fabros Technology LP,6798,infra,DFT,2007-10-19,2017-09-28,NYSE,delisted,2016-02-19,2017-02-23
2017,1433714,"CASTLIGHT HEALTH, INC.",7374,cloud,CSLT,2014-03-14,2022-02-17,NYSE,delisted,2016-03-10,2021-02-24
2017,1463172,"Zendesk, Inc.",7374,cloud,ZEN,2014-05-15,2022-11-21,NYSE,delisted,2016-02-26,2022-02-15
2017,1482974,"Carter Validus Mission Critical REIT, Inc.",6798,infra,,,,,unmapped,2016-03-28,2019-03-22
2017,1490892,CoreSite Realty Corp,6798,infra,COR,1995-04-04,2026-09-29,NYSE,delisted,2016-02-12,2021-02-05
2017,1505155,"Upland Software, Inc.",7372,cloud,UPLD,2014-11-06,2026-09-29,NASDAQ,listed,2016-03-30,2026-03-03
2017,1517228,"Vistance Networks, Inc.",3663,network,VISN,2013-10-25,2026-09-29,NASDAQ,listed,2016-02-19,2026-02-26
2017,1546392,Gawk Inc.,7370,cloud,,,,,unmapped,2016-05-24,2017-10-23
2017,1553023,CyrusOne Holdco LLC,6798,infra,CONE,2013-01-18,2022-03-25,NASDAQ,delisted,2016-02-26,2022-02-17
2017,1561164,"QualityTech, LP",6798,infra,QTS,2013-10-09,2021-08-31,NYSE,delisted,2016-02-29,2020-02-28
2017,1567925,"Sila Realty Trust, Inc.",6798,infra,,,,,unmapped,2016-03-28,2026-02-25
2017,1577966,"COPT DEFENSE PROPERTIES, L.P.",6798,infra,,,,,unmapped,2016-02-25,2021-02-12
2017,1580808,"A10 Networks, Inc.",3576,network,ATEN,2014-03-21,2026-09-29,NYSE,listed,2016-03-01,2026-02-25
2017,1596532,"Arista Networks, Inc.",3576,network,ANET,2014-06-06,2026-09-29,NYSE,listed,2016-02-25,2026-02-17
2017,1609711,GoDaddy Inc.,7373,cloud,GDDY,2015-04-01,2026-09-29,NYSE,listed,2016-03-03,2026-02-25
2018,2488,ADVANCED MICRO DEVICES INC,3674,semis,AMD,1983-03-21,2026-09-29,NASDAQ,listed,2017-02-21,2026-02-04
2018,50863,INTEL CORP,3674,semis,INTC,1980-03-17,2026-09-29,NASDAQ,listed,2017-02-17,2026-01-23
2018,310568,MICROSEMI CORP,3674,semis,MSCC,1990-03-26,2018-05-29,NASDAQ,delisted,2017-11-14,2017-11-14
2018,740664,R F INDUSTRIES LTD,3678,semis,RFIL,1997-05-28,2026-09-29,NASDAQ,listed,2017-01-27,2026-01-14
2018,743988,XILINX INC,3674,semis,XLNX,1990-06-18,2022-02-14,NASDAQ,delisted,2017-05-15,2021-05-14
2018,858877,"CISCO SYSTEMS, INC.",3576,network,CSCO,1990-03-26,2026-09-29,NASDAQ,listed,2017-09-07,2026-09-02
2018,873044,RADISYS CORP,3577,semis,RSYS,1995-10-20,2018-12-11,NASDAQ,delisted,2017-03-01,2018-02-28
2018,890264,EXA CORP,7372,cloud,,,,,unmapped,2017-03-22,2017-03-22
2018,949158,CRAY INC,3571,semis,CRAY,1995-09-27,2019-09-25,NASDAQ,delisted,2017-02-10,2019-02-12
2018,1016125,ULTIMATE SOFTWARE GROUP INC,7372,cloud,ULTI,1998-06-17,2019-05-03,NASDAQ,delisted,2017-02-24,2019-03-01
2018,1043604,JUNIPER NETWORKS INC,3576,network,JNPR,1999-06-25,2025-07-02,NYSE,delisted,2017-02-24,2025-02-21
2018,1045810,NVIDIA CORP,3674,semis,NVDA,1999-01-22,2026-09-29,NASDAQ,listed,2017-03-01,2026-02-25
2018,1056386,Internap Corp,7370,cloud,INAPQ,1999-09-29,2020-04-30,NASDAQ,delisted,2017-03-13,2020-05-08
2018,1078271,EXTREME NETWORKS INC,3576,network,EXTR,1999-04-09,2026-09-29,NASDAQ,listed,2017-09-13,2026-08-17
2018,1101239,EQUINIX INC,6798,infra,EQIX,2000-08-11,2026-09-29,NASDAQ,listed,2017-02-27,2026-02-11
2018,1107843,"QUALYS, INC.",7372,cloud,QLYS,2012-09-28,2026-09-29,NASDAQ,listed,2017-02-24,2026-02-20
2018,1122388,ELLIE MAE INC,7372,cloud,ELLI,2011-04-15,2019-04-17,NYSE,delisted,2017-02-22,2019-03-01
2018,1124610,VMWARE LLC,7372,cloud,VMW,2007-08-15,2023-11-22,NYSE,delisted,2017-02-24,2023-03-28
2018,1158114,"APPLIED OPTOELECTRONICS, INC.",3674,semis,AAOI,2013-09-26,2026-09-29,NASDAQ,listed,2017-03-09,2026-02-26
2018,1160958,INPHI Corp,3674,semis,IPHI,2010-11-12,2021-04-20,NYSE,delisted,2017-03-01,2021-02-25
2018,1175609,"CAVIUM, INC.",3674,semis,CAVM,2007-05-02,2018-07-09,NASDAQ,delisted,2017-02-28,2018-03-01
2018,1212458,PROOFPOINT INC,7374,cloud,PFPT,2012-04-20,2021-08-31,NASDAQ,delisted,2017-02-23,2021-02-19
2018,1227025,NEOPHOTONICS CORP,3674,semis,NPTN,2011-02-02,2022-08-03,NYSE,delisted,2017-03-16,2022-02-25
2018,1237746,"Endurance International Group Holdings, Inc.",7372,cloud,EIGI,2013-10-25,2021-02-10,NASDAQ,delisted,2017-02-24,2020-02-14
2018,1282631,NETLIST INC,3674,semis,,,,,unmapped,2017-03-31,2026-03-19
2018,1288847,"Five9, Inc.",7374,cloud,FIVN,2014-04-04,2026-09-29,NASDAQ,listed,2017-02-28,2026-02-20
2018,1311241,INTERMOLECULAR INC,3674,semis,IMI,2011-11-18,2019-09-20,NASDAQ,delisted,2017-03-03,2019-03-08
2018,1327811,"Workday, Inc.",7374,cloud,WDAY,2012-10-12,2026-09-29,NASDAQ,listed,2017-03-20,2026-03-06
2018,1340127,Carbonite Inc,7374,cloud,CARB,2011-08-11,2020-01-10,NASDAQ,delisted,2017-03-16,2019-02-28
2018,1356104,"Mellanox Technologies, Ltd.",3674,semis,MLNX,2007-02-08,2020-04-27,NASDAQ,delisted,2017-02-17,2020-02-20
2018,1372612,BOX INC,7372,cloud,BOX,2015-01-23,2026-09-29,NYSE,listed,2017-03-24,2026-03-09
2018,1373715,"ServiceNow, Inc.",7372,cloud,NOW,2012-06-29,2026-09-29,NYSE,listed,2017-02-28,2026-01-29
2018,1393052,VEEVA SYSTEMS INC,7372,cloud,VEEV,2013-10-16,2026-09-29,NYSE,listed,2017-03-30,2026-03-20
2018,1410384,"Q2 Holdings, Inc.",7372,cloud,QTWO,2014-03-20,2026-09-29,NYSE,listed,2017-02-21,2026-02-11
2018,1418175,DuPont Fabros Technology LP,6798,infra,DFT,2007-10-19,2017-09-28,NYSE,delisted,2017-02-23,2017-02-23
2018,1419625,Apptio Inc,7372,cloud,APTI,2016-09-23,2019-01-10,NASDAQ,delisted,2017-02-17,2018-02-21
2018,1433714,"CASTLIGHT HEALTH, INC.",7374,cloud,CSLT,2014-03-14,2022-02-17,NYSE,delisted,2017-03-01,2021-02-24
2018,1482974,"Carter Validus Mission Critical REIT, Inc.",6798,infra,,,,,unmapped,2017-03-30,2019-03-22
2018,1490892,CoreSite Realty Corp,6798,infra,COR,1995-04-04,2026-09-29,NYSE,delisted,2017-02-10,2021-02-05
2018,1553023,CyrusOne Holdco LLC,6798,infra,CONE,2013-01-18,2022-03-25,NASDAQ,delisted,2017-02-24,2022-02-17
2018,1561164,"QualityTech, LP",6798,infra,QTS,2013-10-09,2021-08-31,NYSE,delisted,2017-03-01,2020-02-28
2018,1567925,"Sila Realty Trust, Inc.",6798,infra,,,,,unmapped,2017-03-16,2026-02-25
2018,1577966,"COPT DEFENSE PROPERTIES, L.P.",6798,infra,,,,,unmapped,2017-02-17,2021-02-12
2018,1580808,"A10 Networks, Inc.",3576,network,ATEN,2014-03-21,2026-09-29,NYSE,listed,2017-02-24,2026-02-25
2018,1596532,"Arista Networks, Inc.",3576,network,ANET,2014-06-06,2026-09-29,NYSE,listed,2017-02-17,2026-02-17
2018,1609711,GoDaddy Inc.,7373,cloud,GDDY,2015-04-01,2026-09-29,NYSE,listed,2017-02-28,2026-02-25
2018,1619227,"Cloudweb, Inc.",7370,cloud,,,,,unmapped,2017-04-25,2026-04-15
2018,1651235,"Acacia Communications, Inc.",3674,semis,ACIA,2016-05-13,2021-03-01,NASDAQ,delisted,2017-02-23,2021-03-01
2019,2488,ADVANCED MICRO DEVICES INC,3674,semis,AMD,1983-03-21,2026-09-29,NASDAQ,listed,2018-02-27,2026-02-04
2019,50863,INTEL CORP,3674,semis,INTC,1980-03-17,2026-09-29,NASDAQ,listed,2018-02-16,2026-01-23
2019,743988,XILINX INC,3674,semis,XLNX,1990-06-18,2022-02-14,NASDAQ,delisted,2018-05-15,2021-05-14
2019,949158,CRAY INC,3571,semis,CRAY,1995-09-27,2019-09-25,NASDAQ,delisted,2018-02-15,2019-02-12
2019,1016125,ULTIMATE SOFTWARE GROUP INC,7372,cloud,ULTI,1998-06-17,2019-05-03,NASDAQ,delisted,2018-02-26,2019-03-01
2019,1020569,IRON MOUNTAIN INC,6798,infra,IRM,1996-02-01,2026-09-29,NYSE,listed,2018-02-16,2026-02-12
2019,1045810,NVIDIA CORP,3674,semis,NVDA,1999-01-22,2026-09-29,NASDAQ,listed,2018-02-28,2026-02-25
2019,1056386,Internap Corp,7370,cloud,INAPQ,1999-09-29,2020-04-30,NASDAQ,delisted,2018-03-15,2020-05-08
2019,1078271,EXTREME NETWORKS INC,3576,network,EXTR,1999-04-09,2026-09-29,NASDAQ,listed,2018-08-29,2026-08-17
2019,1101239,EQUINIX INC,6798,infra,EQIX,2000-08-11,2026-09-29,NASDAQ,listed,2018-02-26,2026-02-11
2019,1107843,"QUALYS, INC.",7372,cloud,QLYS,2012-09-28,2026-09-29,NASDAQ,listed,2018-02-23,2026-02-20
2019,1122388,ELLIE MAE INC,7372,cloud,ELLI,2011-04-15,2019-04-17,NYSE,delisted,2018-03-01,2019-03-01
2019,1124610,VMWARE LLC,7372,cloud,VMW,2007-08-15,2023-11-22,NYSE,delisted,2018-03-29,2023-03-28
2019,1158114,"APPLIED OPTOELECTRONICS, INC.",3674,semis,AAOI,2013-09-26,2026-09-29,NASDAQ,listed,2018-02-28,2026-02-26
2019,1160958,INPHI Corp,3674,semis,IPHI,2010-11-12,2021-04-20,NYSE,delisted,2018-02-28,2021-02-25
2019,1175609,"CAVIUM, INC.",3674,semis,CAVM,2007-05-02,2018-07-09,NASDAQ,delisted,2018-03-01,2018-03-01
2019,1212458,PROOFPOINT INC,7374,cloud,PFPT,2012-04-20,2021-08-31,NASDAQ,delisted,2018-02-23,2021-02-19
2019,1227025,NEOPHOTONICS CORP,3674,semis,NPTN,2011-02-02,2022-08-03,NYSE,delisted,2018-03-09,2022-02-25
2019,1237746,"Endurance International Group Holdings, Inc.",7372,cloud,EIGI,2013-10-25,2021-02-10,NASDAQ,delisted,2018-02-22,2020-02-14
2019,1282631,NETLIST INC,3674,semis,,,,,unmapped,2018-03-30,2026-03-19
2019,1288847,"Five9, Inc.",7374,cloud,FIVN,2014-04-04,2026-09-29,NASDAQ,listed,2018-03-01,2026-02-20
2019,1311241,INTERMOLECULAR INC,3674,semis,IMI,2011-11-18,2019-09-20,NASDAQ,delisted,2018-03-02,2019-03-08
2019,1316016,AQUANTIA CORP,3674,semis,AQ,2017-11-03,2019-10-14,NYSE,delisted,2018-03-07,2019-03-06
2019,1327811,"Workday, Inc.",7374,cloud,WDAY,2012-10-12,2026-09-29,NASDAQ,listed,2018-03-14,2026-03-06
2019,1340127,Carbonite Inc,7374,cloud,CARB,2011-08-11,2020-01-10,NASDAQ,delisted,2018-03-12,2019-02-28
2019,1356104,"Mellanox Technologies, Ltd.",3674,semis,MLNX,2007-02-08,2020-04-27,NASDAQ,delisted,2018-02-16,2020-02-20
2019,1372612,BOX INC,7372,cloud,BOX,2015-01-23,2026-09-29,NYSE,listed,2018-03-22,2026-03-09
2019,1373715,"ServiceNow, Inc.",7372,cloud,NOW,2012-06-29,2026-09-29,NYSE,listed,2018-02-28,2026-01-29
2019,1394056,"ONE STOP SYSTEMS, INC.",3571,semis,OSS,2018-02-01,2026-09-29,NASDAQ,listed,2018-03-21,2026-03-18
2019,1410384,"Q2 Holdings, Inc.",7372,cloud,QTWO,2014-03-20,2026-09-29,NYSE,listed,2018-02-16,2026-02-11
2019,1433714,"CASTLIGHT HEALTH, INC.",7374,cloud,CSLT,2014-03-14,2022-02-17,NYSE,delisted,2018-03-01,2021-02-24
2019,1482974,"Carter Validus Mission Critical REIT, Inc.",6798,infra,,,,,unmapped,2018-03-30,2019-03-22
2019,1490892,CoreSite Realty Corp,6798,infra,COR,1995-04-04,2026-09-29,NYSE,delisted,2018-02-09,2021-02-05
2019,1493594,"MACOM Technology Solutions Holdings, Inc.",3674,semis,MTSI,2012-03-15,2026-09-29,NASDAQ,listed,2018-11-16,2025-11-14
2019,1517228,"Vistance Networks, Inc.",3663,network,VISN,2013-10-25,2026-09-29,NASDAQ,listed,2018-02-15,2026-02-26
2019,1553023,CyrusOne Holdco LLC,6798,infra,CONE,2013-01-18,2022-03-25,NASDAQ,delisted,2018-02-22,2022-02-17
2019,1561164,"QualityTech, LP",6798,infra,QTS,2013-10-09,2021-08-31,NYSE,delisted,2018-02-28,2020-02-28
2019,1567925,"Sila Realty Trust, Inc.",6798,infra,,,,,unmapped,2018-03-21,2026-02-25
2019,1577966,"COPT DEFENSE PROPERTIES, L.P.",6798,infra,,,,,unmapped,2018-02-16,2021-02-12
2019,1596532,"Arista Networks, Inc.",3576,network,ANET,2014-06-06,2026-09-29,NYSE,listed,2018-02-20,2026-02-17
2019,1609711,GoDaddy Inc.,7373,cloud,GDDY,2015-04-01,2026-09-29,NYSE,listed,2018-02-27,2026-02-25
2019,1644675,Mimecast Ltd,7372,cloud,MIME,2015-11-19,2022-09-16,NASDAQ,delisted,2018-05-29,2021-05-27
2019,1651235,"Acacia Communications, Inc.",3674,semis,ACIA,2016-05-13,2021-03-01,NASDAQ,delisted,2018-02-22,2021-03-01
2019,1701732,Altair Engineering Inc.,7372,cloud,ALTR,2017-11-01,2025-03-26,NASDAQ,delisted,2018-03-21,2025-02-20
2019,1710583,"Switch, Inc.",7370,cloud,SWCH,2017-10-06,2022-12-05,NYSE,delisted,2018-04-02,2022-03-01
2019,1713683,"Zscaler, Inc.",7371,cloud,ZS,2018-03-16,2026-09-29,NASDAQ,listed,2018-09-13,2026-09-03
2020,2488,ADVANCED MICRO DEVICES INC,3674,semis,AMD,1983-03-21,2026-09-29,NASDAQ,listed,2019-02-08,2026-02-04
2020,50863,INTEL CORP,3674,semis,INTC,1980-03-17,2026-09-29,NASDAQ,listed,2019-02-01,2026-01-23
2020,743988,XILINX INC,3674,semis,XLNX,1990-06-18,2022-02-14,NASDAQ,delisted,2019-05-10,2021-05-14
2020,949158,CRAY INC,3571,semis,CRAY,1995-09-27,2019-09-25,NASDAQ,delisted,2019-02-12,2019-02-12
2020,1016125,ULTIMATE SOFTWARE GROUP INC,7372,cloud,ULTI,1998-06-17,2019-05-03,NASDAQ,delisted,2019-03-01,2019-03-01
2020,1020569,IRON MOUNTAIN INC,6798,infra,IRM,1996-02-01,2026-09-29,NYSE,listed,2019-02-14,2026-02-12
2020,1045810,NVIDIA CORP,3674,semis,NVDA,1999-01-22,2026-09-29,NASDAQ,listed,2019-02-21,2026-02-25
2020,1056386,Internap Corp,7370,cloud,INAPQ,1999-09-29,2020-04-30,NASDAQ,delisted,2019-03-18,2020-05-08
2020,1078271,EXTREME NETWORKS INC,3576,network,EXTR,1999-04-09,2026-09-29,NASDAQ,listed,2019-08-29,2026-08-17
2020,1101239,EQUINIX INC,6798,infra,EQIX,2000-08-11,2026-09-29,NASDAQ,listed,2019-02-22,2026-02-11
2020,1107843,"QUALYS, INC.",7372,cloud,QLYS,2012-09-28,2026-09-29,NASDAQ,listed,2019-02-27,2026-02-20
2020,1122388,ELLIE MAE INC,7372,cloud,ELLI,2011-04-15,2019-04-17,NYSE,delisted,2019-03-01,2019-03-01
2020,1124610,VMWARE LLC,7372,cloud,VMW,2007-08-15,2023-11-22,NYSE,delisted,2019-03-29,2023-03-28
2020,1158114,"APPLIED OPTOELECTRONICS, INC.",3674,semis,AAOI,2013-09-26,2026-09-29,NASDAQ,listed,2019-02-26,2026-02-26
2020,1160958,INPHI Corp,3674,semis,IPHI,2010-11-12,2021-04-20,NYSE,delisted,2019-02-28,2021-02-25
2020,1212458,PROOFPOINT INC,7374,cloud,PFPT,2012-04-20,2021-08-31,NASDAQ,delisted,2019-02-21,2021-02-19
2020,1227025,NEOPHOTONICS CORP,3674,semis,NPTN,2011-02-02,2022-08-03,NYSE,delisted,2019-03-08,2022-02-25
2020,1237746,"Endurance International Group Holdings, Inc.",7372,cloud,EIGI,2013-10-25,2021-02-10,NASDAQ,delisted,2019-02-21,2020-02-14
2020,1288469,"MAXLINEAR, INC",3674,semis,MXL,2010-03-24,2026-09-29,NASDAQ,listed,2019-02-05,2026-01-29
2020,1288847,"Five9, Inc.",7374,cloud,FIVN,2014-04-04,2026-09-29,NASDAQ,listed,2019-02-25,2026-02-20
2020,1311241,INTERMOLECULAR INC,3674,semis,IMI,2011-11-18,2019-09-20,NASDAQ,delisted,2019-03-08,2019-03-08
2020,1316016,AQUANTIA CORP,3674,semis,AQ,2017-11-03,2019-10-14,NYSE,delisted,2019-03-06,2019-03-06
2020,1327811,"Workday, Inc.",7374,cloud,WDAY,2012-10-12,2026-09-29,NASDAQ,listed,2019-03-18,2026-03-06
2020,1340127,Carbonite Inc,7374,cloud,CARB,2011-08-11,2020-01-10,NASDAQ,delisted,2019-02-28,2019-02-28
2020,1356104,"Mellanox Technologies, Ltd.",3674,semis,MLNX,2007-02-08,2020-04-27,NASDAQ,delisted,2019-02-21,2020-02-20
2020,1366561,SMARTSHEET INC,7372,cloud,SMAR,2018-04-27,2025-01-22,NYSE,delisted,2019-04-01,2024-03-20
2020,1372612,BOX INC,7372,cloud,BOX,2015-01-23,2026-09-29,NYSE,listed,2019-03-20,2026-03-09
2020,1373715,"ServiceNow, Inc.",7372,cloud,NOW,2012-06-29,2026-09-29,NYSE,listed,2019-02-27,2026-01-29
2020,1394056,"ONE STOP SYSTEMS, INC.",3571,semis,OSS,2018-02-01,2026-09-29,NASDAQ,listed,2019-03-21,2026-03-18
2020,1419951,Data Storage Corp,7374,cloud,DTST,2010-09-20,2026-09-29,NASDAQ,listed,2019-04-01,2026-04-14
2020,1433714,"CASTLIGHT HEALTH, INC.",7374,cloud,CSLT,2014-03-14,2022-02-17,NYSE,delisted,2019-03-01,2021-02-24
2020,1467623,"DROPBOX, INC.",7372,cloud,DBX,2018-03-23,2026-09-29,NASDAQ,listed,2019-02-25,2026-02-20
2020,1482974,"Carter Validus Mission Critical REIT, Inc.",6798,infra,,,,,unmapped,2019-03-22,2019-03-22
2020,1490892,CoreSite Realty Corp,6798,infra,COR,1995-04-04,2026-09-29,NYSE,delisted,2019-02-08,2021-02-05
2020,1493594,"MACOM Technology Solutions Holdings, Inc.",3674,semis,MTSI,2012-03-15,2026-09-29,NASDAQ,listed,2019-11-26,2025-11-14
2020,1517228,"Vistance Networks, Inc.",3663,network,VISN,2013-10-25,2026-09-29,NASDAQ,listed,2019-02-21,2026-02-26
2020,1553023,CyrusOne Holdco LLC,6798,infra,CONE,2013-01-18,2022-03-25,NASDAQ,delisted,2019-02-22,2022-02-17
2020,1561164,"QualityTech, LP",6798,infra,QTS,2013-10-09,2021-08-31,NYSE,delisted,2019-02-25,2020-02-28
2020,1567925,"Sila Realty Trust, Inc.",6798,infra,,,,,unmapped,2019-03-22,2026-02-25
2020,1577966,"COPT DEFENSE PROPERTIES, L.P.",6798,infra,,,,,unmapped,2019-02-21,2021-02-12
2020,1580808,"A10 Networks, Inc.",3576,network,ATEN,2014-03-21,2026-09-29,NYSE,listed,2019-03-18,2026-02-25
2020,1596532,"Arista Networks, Inc.",3576,network,ANET,2014-06-06,2026-09-29,NYSE,listed,2019-02-15,2026-02-17
2020,1609711,GoDaddy Inc.,7373,cloud,GDDY,2015-04-01,2026-09-29,NYSE,listed,2019-02-22,2026-02-25
2020,1644675,Mimecast Ltd,7372,cloud,MIME,2015-11-19,2022-09-16,NASDAQ,delisted,2019-05-29,2021-05-27
2020,1651235,"Acacia Communications, Inc.",3674,semis,ACIA,2016-05-13,2021-03-01,NASDAQ,delisted,2019-02-21,2021-03-01
2020,1710583,"Switch, Inc.",7370,cloud,SWCH,2017-10-06,2022-12-05,NYSE,delisted,2019-03-18,2022-03-01
2020,1713683,"Zscaler, Inc.",7371,cloud,ZS,2018-03-16,2026-09-29,NASDAQ,listed,2019-09-18,2026-09-03
2021,2488,ADVANCED MICRO DEVICES INC,3674,semis,AMD,1983-03-21,2026-09-29,NASDAQ,listed,2020-02-04,2026-02-04
2021,50863,INTEL CORP,3674,semis,INTC,1980-03-17,2026-09-29,NASDAQ,listed,2020-01-24,2026-01-23
2021,743988,XILINX INC,3674,semis,XLNX,1990-06-18,2022-02-14,NASDAQ,delisted,2020-05-08,2021-05-14
2021,751978,VICOR CORP,3679,semis,VICR,1991-11-27,2026-09-29,NASDAQ,listed,2020-02-28,2026-03-02
2021,789019,MICROSOFT CORP,7372,cloud,MSFT,1986-03-13,2026-09-29,NASDAQ,listed,2020-07-30,2026-07-29
2021,858877,"CISCO SYSTEMS, INC.",3576,network,CSCO,1990-03-26,2026-09-29,NASDAQ,listed,2020-09-03,2026-09-02
2021,890394,Peraso Inc.,3674,semis,PRSO,2001-06-28,2026-09-29,NASDAQ,listed,2020-03-17,2026-03-30
2021,927003,ADVANCED ENERGY INDUSTRIES INC,3679,semis,AEIS,1995-11-17,2026-09-29,NASDAQ,listed,2020-03-02,2026-02-13
2021,1020569,IRON MOUNTAIN INC,6798,infra,IRM,1996-02-01,2026-09-29,NYSE,listed,2020-02-13,2026-02-12
2021,1045810,NVIDIA CORP,3674,semis,NVDA,1999-01-22,2026-09-29,NASDAQ,listed,2020-02-20,2026-02-25
2021,1056386,Internap Corp,7370,cloud,,,,,unmapped,2020-05-08,2020-05-08
2021,1058057,MARVELL TECHNOLOGY GROUP LTD,3674,semis,MRVL,2000-06-30,2026-09-29,NASDAQ,delisted,2020-03-23,2021-03-16
2021,1078271,EXTREME NETWORKS INC,3576,network,EXTR,1999-04-09,2026-09-29,NASDAQ,listed,2020-08-31,2026-08-17
2021,1101239,EQUINIX INC,6798,infra,EQIX,2000-08-11,2026-09-29,NASDAQ,listed,2020-02-21,2026-02-11
2021,1107843,"QUALYS, INC.",7372,cloud,QLYS,2012-09-28,2026-09-29,NASDAQ,listed,2020-02-21,2026-02-20
2021,1124610,VMWARE LLC,7372,cloud,VMW,2007-08-15,2023-11-22,NYSE,delisted,2020-03-26,2023-03-28
2021,1158114,"APPLIED OPTOELECTRONICS, INC.",3674,semis,AAOI,2013-09-26,2026-09-29,NASDAQ,listed,2020-02-28,2026-02-26
2021,1160958,INPHI Corp,3674,semis,IPHI,2010-11-12,2021-04-20,NYSE,delisted,2020-03-02,2021-02-25
2021,1212458,PROOFPOINT INC,7374,cloud,PFPT,2012-04-20,2021-08-31,NASDAQ,delisted,2020-02-20,2021-02-19
2021,1227025,NEOPHOTONICS CORP,3674,semis,NPTN,2011-02-02,2022-08-03,NYSE,delisted,2020-02-28,2022-02-25
2021,1237746,"Endurance International Group Holdings, Inc.",7372,cloud,EIGI,2013-10-25,2021-02-10,NASDAQ,delisted,2020-02-14,2020-02-14
2021,1288469,"MAXLINEAR, INC",3674,semis,MXL,2010-03-24,2026-09-29,NASDAQ,listed,2020-02-05,2026-01-29
2021,1288847,"Five9, Inc.",7374,cloud,FIVN,2014-04-04,2026-09-29,NASDAQ,listed,2020-02-27,2026-02-20
2021,1327811,"Workday, Inc.",7374,cloud,WDAY,2012-10-12,2026-09-29,NASDAQ,listed,2020-03-03,2026-03-06
2021,1356104,"Mellanox Technologies, Ltd.",3674,semis,MLNX,2007-02-08,2020-04-27,NASDAQ,delisted,2020-02-20,2020-02-20
2021,1366561,SMARTSHEET INC,7372,cloud,SMAR,2018-04-27,2025-01-22,NYSE,delisted,2020-03-31,2024-03-20
2021,1372612,BOX INC,7372,cloud,BOX,2015-01-23,2026-09-29,NYSE,listed,2020-03-19,2026-03-09
2021,1394056,"ONE STOP SYSTEMS, INC.",3571,semis,OSS,2018-02-01,2026-09-29,NASDAQ,listed,2020-03-26,2026-03-18
2021,1419951,Data Storage Corp,7374,cloud,DTST,2010-09-20,2026-09-29,NASDAQ,listed,2020-04-14,2026-04-14
2021,1433714,"CASTLIGHT HEALTH, INC.",7374,cloud,CSLT,2014-03-14,2022-02-17,NYSE,delisted,2020-02-28,2021-02-24
2021,1467623,"DROPBOX, INC.",7372,cloud,DBX,2018-03-23,2026-09-29,NASDAQ,listed,2020-02-21,2026-02-20
2021,1490892,CoreSite Realty Corp,6798,infra,COR,1995-04-04,2026-09-29,NYSE,delisted,2020-02-07,2021-02-05
2021,1493594,"MACOM Technology Solutions Holdings, Inc.",3674,semis,MTSI,2012-03-15,2026-09-29,NASDAQ,listed,2020-11-18,2025-11-14
2021,1553023,CyrusOne Holdco LLC,6798,infra,CONE,2013-01-18,2022-03-25,NASDAQ,delisted,2020-02-20,2022-02-17
2021,1561164,"QualityTech, LP",6798,infra,QTS,2013-10-09,2021-08-31,NYSE,delisted,2020-02-28,2020-02-28
2021,1567925,"Sila Realty Trust, Inc.",6798,infra,SILA,2021-02-05,2026-07-01,NYSE,delisted,2020-03-27,2026-02-25
2021,1577966,"COPT DEFENSE PROPERTIES, L.P.",6798,infra,,,,,unmapped,2020-02-19,2021-02-12
2021,1580808,"A10 Networks, Inc.",3576,network,ATEN,2014-03-21,2026-09-29,NYSE,listed,2020-03-10,2026-02-25
2021,1596532,"Arista Networks, Inc.",3576,network,ANET,2014-06-06,2026-09-29,NYSE,listed,2020-02-14,2026-02-17
2021,1609711,GoDaddy Inc.,7373,cloud,GDDY,2015-04-01,2026-09-29,NYSE,listed,2020-02-21,2026-02-25
2021,1644675,Mimecast Ltd,7372,cloud,MIME,2015-11-19,2022-09-16,NASDAQ,delisted,2020-05-22,2021-05-27
2021,1651235,"Acacia Communications, Inc.",3674,semis,ACIA,2016-05-13,2021-03-01,NASDAQ,delisted,2020-02-18,2021-03-01
2021,1710583,"Switch, Inc.",7370,cloud,SWCH,2017-10-06,2022-12-05,NYSE,delisted,2020-03-02,2022-03-01
2021,1713683,"Zscaler, Inc.",7371,cloud,ZS,2018-03-16,2026-09-29,NASDAQ,listed,2020-09-17,2026-09-03
2021,1739936,MOMENTIVE GLOBAL INC.,7370,cloud,MNTV,2018-09-26,2023-05-31,NASDAQ,delisted,2020-02-27,2023-02-17
2022,2488,ADVANCED MICRO DEVICES INC,3674,semis,AMD,1983-03-21,2026-09-29,NASDAQ,listed,2021-01-29,2026-02-04
2022,50863,INTEL CORP,3674,semis,INTC,1980-03-17,2026-09-29,NASDAQ,listed,2021-01-22,2026-01-23
2022,743988,XILINX INC,3674,semis,XLNX,1990-06-18,2022-02-14,NASDAQ,delisted,2021-05-14,2021-05-14
2022,751978,VICOR CORP,3679,semis,VICR,1991-11-27,2026-09-29,NASDAQ,listed,2021-03-01,2026-03-02
2022,789019,MICROSOFT CORP,7372,cloud,MSFT,1986-03-13,2026-09-29,NASDAQ,listed,2021-07-29,2026-07-29
2022,855612,ZIX CORP,7374,cloud,ZIXI,1989-11-10,2021-12-23,NASDAQ,delisted,2021-03-05,2021-03-05
2022,858877,"CISCO SYSTEMS, INC.",3576,network,CSCO,1990-03-26,2026-09-29,NASDAQ,listed,2021-09-09,2026-09-02
2022,890394,Peraso Inc.,3674,semis,PRSO,2001-06-28,2026-09-29,NASDAQ,listed,2021-03-18,2026-03-30
2022,927003,ADVANCED ENERGY INDUSTRIES INC,3679,semis,AEIS,1995-11-17,2026-09-29,NASDAQ,listed,2021-02-24,2026-02-13
2022,1014473,VERISIGN INC/CA,7371,cloud,VRSN,1998-01-30,2026-09-29,NASDAQ,listed,2021-02-19,2026-02-05
2022,1020569,IRON MOUNTAIN INC,6798,infra,IRM,1996-02-01,2026-09-29,NYSE,listed,2021-02-24,2026-02-12
2022,1023731,8X8 INC /DE/,7374,cloud,EGHT,1997-07-02,2026-09-29,NASDAQ,listed,2021-05-17,2026-05-22
2022,1043604,JUNIPER NETWORKS INC,3576,network,JNPR,1999-06-25,2025-07-02,NYSE,delisted,2021-02-12,2025-02-21
2022,1045810,NVIDIA CORP,3674,semis,NVDA,1999-01-22,2026-09-29,NASDAQ,listed,2021-02-26,2026-02-25
2022,1058057,MARVELL TECHNOLOGY GROUP LTD,3674,semis,MRVL,2000-06-30,2026-09-29,NASDAQ,delisted,2021-03-16,2021-03-16
2022,1078271,EXTREME NETWORKS INC,3576,network,EXTR,1999-04-09,2026-09-29,NASDAQ,listed,2021-08-27,2026-08-17
2022,1101239,EQUINIX INC,6798,infra,EQIX,2000-08-11,2026-09-29,NASDAQ,listed,2021-02-19,2026-02-11
2022,1107843,"QUALYS, INC.",7372,cloud,QLYS,2012-09-28,2026-09-29,NASDAQ,listed,2021-02-22,2026-02-20
2022,1158114,"APPLIED OPTOELECTRONICS, INC.",3674,semis,AAOI,2013-09-26,2026-09-29,NASDAQ,listed,2021-02-25,2026-02-26
2022,1160958,INPHI Corp,3674,semis,IPHI,2010-11-12,2021-04-20,NYSE,delisted,2021-02-25,2021-02-25
2022,1169561,COMMVAULT SYSTEMS INC,7372,cloud,CVLT,2006-09-22,2026-09-29,NASDAQ,listed,2021-05-13,2026-05-11
2022,1212458,PROOFPOINT INC,7374,cloud,PFPT,2012-04-20,2021-08-31,NASDAQ,delisted,2021-02-19,2021-02-19
2022,1227025,NEOPHOTONICS CORP,3674,semis,NPTN,2011-02-02,2022-08-03,NYSE,delisted,2021-02-25,2022-02-25
2022,1288469,"MAXLINEAR, INC",3674,semis,MXL,2010-03-24,2026-09-29,NASDAQ,listed,2021-02-11,2026-01-29
2022,1288847,"Five9, Inc.",7374,cloud,FIVN,2014-04-04,2026-09-29,NASDAQ,listed,2021-03-01,2026-02-20
2022,1327811,"Workday, Inc.",7374,cloud,WDAY,2012-10-12,2026-09-29,NASDAQ,listed,2021-03-02,2026-03-06
2022,1372612,BOX INC,7372,cloud,BOX,2015-01-23,2026-09-29,NYSE,listed,2021-03-19,2026-03-09
2022,1394056,"ONE STOP SYSTEMS, INC.",3571,semis,OSS,2018-02-01,2026-09-29,NASDAQ,listed,2021-03-25,2026-03-18
2022,1419951,Data Storage Corp,7374,cloud,DTST,2010-09-20,2026-09-29,NASDAQ,listed,2021-03-31,2026-04-14
2022,1467623,"DROPBOX, INC.",7372,cloud,DBX,2018-03-23,2026-09-29,NASDAQ,listed,2021-02-19,2026-02-20
2022,1490892,CoreSite Realty Corp,6798,infra,COR,1995-04-04,2026-09-29,NYSE,delisted,2021-02-05,2021-02-05
2022,1493594,"MACOM Technology Solutions Holdings, Inc.",3674,semis,MTSI,2012-03-15,2026-09-29,NASDAQ,listed,2021-11-15,2025-11-14
2022,1553023,CyrusOne Holdco LLC,6798,infra,CONE,2013-01-18,2022-03-25,NASDAQ,delisted,2021-02-19,2022-02-17
2022,1567925,"Sila Realty Trust, Inc.",6798,infra,SILA,2021-02-05,2026-07-01,NYSE,delisted,2021-03-24,2026-02-25
2022,1577368,"QTS Realty Trust, Inc.",6798,infra,QTS,2013-10-09,2021-08-31,NYSE,delisted,2021-02-26,2021-02-26
2022,1577966,"COPT DEFENSE PROPERTIES, L.P.",6798,infra,,,,,unmapped,2021-02-12,2021-02-12
2022,1580808,"A10 Networks, Inc.",3576,network,ATEN,2014-03-21,2026-09-29,NYSE,listed,2021-03-08,2026-02-25
2022,1596532,"Arista Networks, Inc.",3576,network,ANET,2014-06-06,2026-09-29,NYSE,listed,2021-02-19,2026-02-17
2022,1609711,GoDaddy Inc.,7373,cloud,GDDY,2015-04-01,2026-09-29,NYSE,listed,2021-02-19,2026-02-25
2022,1651235,"Acacia Communications, Inc.",3674,semis,ACIA,2016-05-13,2021-03-01,NASDAQ,delisted,2021-03-01,2021-03-01
2022,1652044,Alphabet Inc.,7370,cloud,GOOGL,2004-08-19,2026-09-29,NASDAQ,listed,2021-02-03,2026-02-05
2022,1701732,Altair Engineering Inc.,7372,cloud,ALTR,2017-11-01,2025-03-26,NASDAQ,delisted,2021-02-26,2025-02-20
2022,1710583,"Switch, Inc.",7370,cloud,SWCH,2017-10-06,2022-12-05,NYSE,delisted,2021-03-01,2022-03-01
2022,1713683,"Zscaler, Inc.",7371,cloud,ZS,2018-03-16,2026-09-29,NASDAQ,listed,2021-09-16,2026-09-03
2022,1739936,MOMENTIVE GLOBAL INC.,7370,cloud,MNTV,2018-09-26,2023-05-31,NASDAQ,delisted,2021-02-18,2023-02-17
2022,1810019,"Rackspace Technology, Inc.",7370,cloud,RXT,2020-08-05,2026-09-29,NASDAQ,listed,2021-02-26,2026-03-06
2023,2488,ADVANCED MICRO DEVICES INC,3674,semis,AMD,1983-03-21,2026-09-29,NASDAQ,listed,2022-02-03,2026-02-04
2023,50863,INTEL CORP,3674,semis,INTC,1980-03-17,2026-09-29,NASDAQ,listed,2022-01-27,2026-01-23
2023,751978,VICOR CORP,3679,semis,VICR,1991-11-27,2026-09-29,NASDAQ,listed,2022-03-01,2026-03-02
2023,789019,MICROSOFT CORP,7372,cloud,MSFT,1986-03-13,2026-09-29,NASDAQ,listed,2022-07-28,2026-07-29
2023,860546,COPT DEFENSE PROPERTIES,6798,infra,CDP,1991-12-31,2026-09-29,NYSE,listed,2022-02-22,2026-02-20
2023,927003,ADVANCED ENERGY INDUSTRIES INC,3679,semis,AEIS,1995-11-17,2026-09-29,NASDAQ,listed,2022-03-16,2026-02-13
2023,1014473,VERISIGN INC/CA,7371,cloud,VRSN,1998-01-30,2026-09-29,NASDAQ,listed,2022-02-18,2026-02-05
2023,1020569,IRON MOUNTAIN INC,6798,infra,IRM,1996-02-01,2026-09-29,NYSE,listed,2022-02-24,2026-02-12
2023,1043604,JUNIPER NETWORKS INC,3576,network,JNPR,1999-06-25,2025-07-02,NYSE,delisted,2022-02-11,2025-02-21
2023,1045810,NVIDIA CORP,3674,semis,NVDA,1999-01-22,2026-09-29,NASDAQ,listed,2022-03-18,2026-02-25
2023,1053507,AMERICAN TOWER CORP /MA/,6798,infra,AMT,1998-02-27,2026-09-29,NYSE,listed,2022-02-25,2026-02-24
2023,1078271,EXTREME NETWORKS INC,3576,network,EXTR,1999-04-09,2026-09-29,NASDAQ,listed,2022-08-29,2026-08-17
2023,1101239,EQUINIX INC,6798,infra,EQIX,2000-08-11,2026-09-29,NASDAQ,listed,2022-02-18,2026-02-11
2023,1124610,VMWARE LLC,7372,cloud,VMW,2007-08-15,2023-11-22,NYSE,delisted,2022-03-24,2023-03-28
2023,1144879,Applied Digital Corp.,7370,cloud,APLD,2008-10-22,2026-09-29,NASDAQ,listed,2022-08-29,2026-07-29
2023,1158114,"APPLIED OPTOELECTRONICS, INC.",3674,semis,AAOI,2013-09-26,2026-09-29,NASDAQ,listed,2022-02-24,2026-02-26
2023,1227025,NEOPHOTONICS CORP,3674,semis,NPTN,2011-02-02,2022-08-03,NYSE,delisted,2022-02-25,2022-02-25
2023,1288469,"MAXLINEAR, INC",3674,semis,MXL,2010-03-24,2026-09-29,NASDAQ,listed,2022-02-02,2026-01-29
2023,1288847,"Five9, Inc.",7374,cloud,FIVN,2014-04-04,2026-09-29,NASDAQ,listed,2022-02-28,2026-02-20
2023,1327811,"Workday, Inc.",7374,cloud,WDAY,2012-10-12,2026-09-29,NASDAQ,listed,2022-02-28,2026-03-06
2023,1372612,BOX INC,7372,cloud,BOX,2015-01-23,2026-09-29,NYSE,listed,2022-03-16,2026-03-09
2023,1373715,"ServiceNow, Inc.",7372,cloud,NOW,2012-06-29,2026-09-29,NYSE,listed,2022-02-03,2026-01-29
2023,1394056,"ONE STOP SYSTEMS, INC.",3571,semis,OSS,2018-02-01,2026-09-29,NASDAQ,listed,2022-03-24,2026-03-18
2023,1419951,Data Storage Corp,7374,cloud,DTST,2010-09-20,2026-09-29,NASDAQ,listed,2022-03-31,2026-04-14
2023,1467623,"DROPBOX, INC.",7372,cloud,DBX,2018-03-23,2026-09-29,NASDAQ,listed,2022-02-18,2026-02-20
2023,1493594,"MACOM Technology Solutions Holdings, Inc.",3674,semis,MTSI,2012-03-15,2026-09-29,NASDAQ,listed,2022-11-14,2025-11-14
2023,1553023,CyrusOne Holdco LLC,6798,infra,CONE,2013-01-18,2022-03-25,NASDAQ,delisted,2022-02-17,2022-02-17
2023,1567925,"Sila Realty Trust, Inc.",6798,infra,SILA,2021-02-05,2026-07-01,NYSE,delisted,2022-03-29,2026-02-25
2023,1580808,"A10 Networks, Inc.",3576,network,ATEN,2014-03-21,2026-09-29,NYSE,listed,2022-03-08,2026-02-25
2023,1582961,"DigitalOcean Holdings, Inc.",7370,cloud,DOCN,2021-03-24,2026-09-29,NYSE,listed,2022-02-25,2026-02-24
2023,1596532,"Arista Networks, Inc.",3576,network,ANET,2014-06-06,2026-09-29,NYSE,listed,2022-02-15,2026-02-17
2023,1609711,GoDaddy Inc.,7373,cloud,GDDY,2015-04-01,2026-09-29,NYSE,listed,2022-02-17,2026-02-25
2023,1667011,"Arteris, Inc.",3674,semis,AIP,2021-10-27,2026-09-29,NASDAQ,listed,2022-03-07,2026-02-12
2023,1674101,Vertiv Holdings Co,3679,semis,VRT,2018-07-30,2026-09-29,NYSE,listed,2022-03-01,2026-02-13
2023,1701732,Altair Engineering Inc.,7372,cloud,ALTR,2017-11-01,2025-03-26,NASDAQ,delisted,2022-02-28,2025-02-20
2023,1710583,"Switch, Inc.",7370,cloud,SWCH,2017-10-06,2022-12-05,NYSE,delisted,2022-03-01,2022-03-01
2023,1713683,"Zscaler, Inc.",7371,cloud,ZS,2018-03-16,2026-09-29,NASDAQ,listed,2022-09-15,2026-09-03
2023,1737372,"Sysorex, Inc.",7371,cloud,,,,,unmapped,2022-04-14,2023-06-13
2023,1743759,"Corsair Gaming, Inc.",3577,semis,CRSR,2020-09-23,2026-09-29,NASDAQ,listed,2022-03-01,2026-02-25
2023,1794905,"Cyxtera Technologies, Inc.",7370,cloud,,,,,unmapped,2022-03-25,2023-03-16
2023,1807794,Credo Technology Group Holding Ltd,3674,semis,CRDO,2022-01-27,2026-09-29,NASDAQ,listed,2022-06-08,2026-06-15
2023,1810019,"Rackspace Technology, Inc.",7370,cloud,RXT,2020-08-05,2026-09-29,NASDAQ,listed,2022-03-01,2026-03-06
2023,1835632,"Marvell Technology, Inc.",3674,semis,MRVL,2000-06-30,2026-09-29,NASDAQ,listed,2022-03-10,2026-03-11
2023,1852117,Rockley Photonics Holdings Ltd,3674,semis,RKLY,2021-08-12,2023-03-15,NYSE,delisted,2022-03-10,2023-05-15
2024,2488,ADVANCED MICRO DEVICES INC,3674,semis,AMD,1983-03-21,2026-09-29,NASDAQ,listed,2023-02-27,2026-02-04
2024,50863,INTEL CORP,3674,semis,INTC,1980-03-17,2026-09-29,NASDAQ,listed,2023-01-27,2026-01-23
2024,751978,VICOR CORP,3679,semis,VICR,1991-11-27,2026-09-29,NASDAQ,listed,2023-02-28,2026-03-02
2024,789019,MICROSOFT CORP,7372,cloud,MSFT,1986-03-13,2026-09-29,NASDAQ,listed,2023-07-27,2026-07-29
2024,860546,COPT DEFENSE PROPERTIES,6798,infra,CDP,1991-12-31,2026-09-29,NYSE,listed,2023-02-24,2026-02-20
2024,927003,ADVANCED ENERGY INDUSTRIES INC,3679,semis,AEIS,1995-11-17,2026-09-29,NASDAQ,listed,2023-02-17,2026-02-13
2024,1014473,VERISIGN INC/CA,7371,cloud,VRSN,1998-01-30,2026-09-29,NASDAQ,listed,2023-02-17,2026-02-05
2024,1020569,IRON MOUNTAIN INC,6798,infra,IRM,1996-02-01,2026-09-29,NYSE,listed,2023-02-23,2026-02-12
2024,1043604,JUNIPER NETWORKS INC,3576,network,JNPR,1999-06-25,2025-07-02,NYSE,delisted,2023-02-10,2025-02-21
2024,1045810,NVIDIA CORP,3674,semis,NVDA,1999-01-22,2026-09-29,NASDAQ,listed,2023-02-24,2026-02-25
2024,1053507,AMERICAN TOWER CORP /MA/,6798,infra,AMT,1998-02-27,2026-09-29,NYSE,listed,2023-02-23,2026-02-24
2024,1101239,EQUINIX INC,6798,infra,EQIX,2000-08-11,2026-09-29,NASDAQ,listed,2023-02-17,2026-02-11
2024,1124610,VMWARE LLC,7372,cloud,VMW,2007-08-15,2023-11-22,NYSE,delisted,2023-03-28,2023-03-28
2024,1137789,Seagate Technology Holdings plc,3572,semis,STX,2002-12-11,2026-09-29,NASDAQ,listed,2023-08-04,2026-08-04
2024,1144879,Applied Digital Corp.,7374,cloud,APLD,2008-10-22,2026-09-29,NASDAQ,listed,2023-08-02,2026-07-29
2024,1158114,"APPLIED OPTOELECTRONICS, INC.",3674,semis,AAOI,2013-09-26,2026-09-29,NASDAQ,listed,2023-02-27,2026-02-26
2024,1174891,"TerraVolt Holdings, Inc.",6798,infra,,,,,unmapped,2023-04-17,2026-03-31
2024,1288469,"MAXLINEAR, INC",3674,semis,MXL,2010-03-24,2026-09-29,NASDAQ,listed,2023-02-01,2026-01-29
2024,1326801,"Meta Platforms, Inc.",7370,cloud,META,2012-05-18,2026-09-29,NASDAQ,listed,2023-02-02,2026-01-29
2024,1327811,"Workday, Inc.",7374,cloud,WDAY,2012-10-12,2026-09-29,NASDAQ,listed,2023-02-27,2026-03-06
2024,1372612,BOX INC,7372,cloud,BOX,2015-01-23,2026-09-29,NYSE,listed,2023-03-13,2026-03-09
2024,1373715,"ServiceNow, Inc.",7372,cloud,NOW,2012-06-29,2026-09-29,NYSE,listed,2023-01-31,2026-01-29
2024,1394056,"ONE STOP SYSTEMS, INC.",3571,semis,OSS,2018-02-01,2026-09-29,NASDAQ,listed,2023-03-23,2026-03-18
2024,1419951,Data Storage Corp,7374,cloud,DTST,2010-09-20,2026-09-29,NASDAQ,listed,2023-03-31,2026-04-14
2024,1422930,"PubMatic, Inc.",7370,cloud,PUBM,2020-12-09,2026-09-29,NASDAQ,listed,2023-02-28,2026-02-26
2024,1462056,"Backblaze, Inc.",7372,cloud,BLZE,2021-11-11,2026-09-29,NASDAQ,listed,2023-03-31,2026-03-10
2024,1467623,"DROPBOX, INC.",7372,cloud,DBX,2018-03-23,2026-09-29,NASDAQ,listed,2023-02-23,2026-02-20
2024,1493594,"MACOM Technology Solutions Holdings, Inc.",3674,semis,MTSI,2012-03-15,2026-09-29,NASDAQ,listed,2023-11-13,2025-11-14
2024,1567925,"Sila Realty Trust, Inc.",6798,infra,SILA,2021-02-05,2026-07-01,NYSE,delisted,2023-03-16,2026-02-25
2024,1580808,"A10 Networks, Inc.",3576,network,ATEN,2014-03-21,2026-09-29,NYSE,listed,2023-02-27,2026-02-25
2024,1582961,"DigitalOcean Holdings, Inc.",7370,cloud,DOCN,2021-03-24,2026-09-29,NYSE,listed,2023-02-22,2026-02-24
2024,1596532,"Arista Networks, Inc.",3576,network,ANET,2014-06-06,2026-09-29,NYSE,listed,2023-02-14,2026-02-17
2024,1609711,GoDaddy Inc.,7373,cloud,GDDY,2015-04-01,2026-09-29,NYSE,listed,2023-02-16,2026-02-25
2024,1645590,Hewlett Packard Enterprise Co,3570,semis,HPE,2015-10-19,2026-09-29,NYSE,listed,2023-12-22,2025-12-18
2024,1674101,Vertiv Holdings Co,3679,semis,VRT,2018-07-30,2026-09-29,NYSE,listed,2023-02-27,2026-02-13
2024,1701732,Altair Engineering Inc.,7372,cloud,ALTR,2017-11-01,2025-03-26,NASDAQ,delisted,2023-02-24,2025-02-20
2024,1713683,"Zscaler, Inc.",7371,cloud,ZS,2018-03-16,2026-09-29,NASDAQ,listed,2023-09-14,2026-09-03
2024,1737372,"Sysorex, Inc.",7371,cloud,,,,,unmapped,2023-06-13,2023-06-13
2024,1794905,"Cyxtera Technologies, Inc.",7370,cloud,,,,,unmapped,2023-03-16,2023-03-16
2024,1807794,Credo Technology Group Holding Ltd,3674,semis,CRDO,2022-01-27,2026-09-29,NASDAQ,listed,2023-06-23,2026-06-15
2024,1810019,"Rackspace Technology, Inc.",7370,cloud,RXT,2020-08-05,2026-09-29,NASDAQ,listed,2023-03-16,2026-03-06
2024,1835632,"Marvell Technology, Inc.",3674,semis,MRVL,2000-06-30,2026-09-29,NASDAQ,listed,2023-03-09,2026-03-11
2024,1852117,Rockley Photonics Holdings Ltd,3674,semis,,,,,unmapped,2023-05-15,2023-05-15
2025,2488,ADVANCED MICRO DEVICES INC,3674,semis,AMD,1983-03-21,2026-09-29,NASDAQ,listed,2024-01-31,2026-02-04
2025,50863,INTEL CORP,3674,semis,INTC,1980-03-17,2026-09-29,NASDAQ,listed,2024-01-26,2026-01-23
2025,723125,MICRON TECHNOLOGY INC,3674,semis,MU,1989-05-16,2026-09-29,NASDAQ,listed,2024-10-04,2025-10-03
2025,751978,VICOR CORP,3679,semis,VICR,1991-11-27,2026-09-29,NASDAQ,listed,2024-02-28,2026-03-02
2025,789019,MICROSOFT CORP,7372,cloud,MSFT,1986-03-13,2026-09-29,NASDAQ,listed,2024-07-30,2026-07-29
2025,860546,COPT DEFENSE PROPERTIES,6798,infra,CDP,1991-12-31,2026-09-29,NYSE,listed,2024-02-22,2026-02-20
2025,1013462,ANSYS INC,7372,cloud,ANSS,1996-06-21,2026-09-29,NASDAQ,delisted,2024-02-21,2025-02-19
2025,1014473,VERISIGN INC/CA,7371,cloud,VRSN,1998-01-30,2026-09-29,NASDAQ,listed,2024-02-15,2026-02-05
2025,1020569,IRON MOUNTAIN INC,6798,infra,IRM,1996-02-01,2026-09-29,NYSE,listed,2024-02-22,2026-02-12
2025,1043604,JUNIPER NETWORKS INC,3576,network,JNPR,1999-06-25,2025-07-02,NYSE,delisted,2024-02-07,2025-02-21
2025,1045810,NVIDIA CORP,3674,semis,NVDA,1999-01-22,2026-09-29,NASDAQ,listed,2024-02-21,2026-02-25
2025,1053507,AMERICAN TOWER CORP /MA/,6798,infra,AMT,1998-02-27,2026-09-29,NYSE,listed,2024-02-27,2026-02-24
2025,1078271,EXTREME NETWORKS INC,3576,network,EXTR,1999-04-09,2026-09-29,NASDAQ,listed,2024-08-16,2026-08-17
2025,1101239,EQUINIX INC,6798,infra,EQIX,2000-08-11,2026-09-29,NASDAQ,listed,2024-02-16,2026-02-11
2025,1137789,Seagate Technology Holdings plc,3572,semis,STX,2002-12-11,2026-09-29,NASDAQ,listed,2024-08-02,2026-08-04
2025,1144879,Applied Digital Corp.,7374,cloud,APLD,2008-10-22,2026-09-29,NASDAQ,listed,2024-08-30,2026-07-29
2025,1158114,"APPLIED OPTOELECTRONICS, INC.",3674,semis,AAOI,2013-09-26,2026-09-29,NASDAQ,listed,2024-02-23,2026-02-26
2025,1174891,"TerraVolt Holdings, Inc.",6798,infra,,,,,unmapped,2024-04-09,2026-03-31
2025,1262039,"Fortinet, Inc.",3577,semis,FTNT,2009-11-18,2026-09-29,NASDAQ,listed,2024-02-26,2026-02-25
2025,1288469,"MAXLINEAR, INC",3674,semis,MXL,2010-03-24,2026-09-29,NASDAQ,listed,2024-01-31,2026-01-29
2025,1288847,"Five9, Inc.",7374,cloud,FIVN,2014-04-04,2026-09-29,NASDAQ,listed,2024-02-22,2026-02-20
2025,1327811,"Workday, Inc.",7374,cloud,WDAY,2012-10-12,2026-09-29,NASDAQ,listed,2024-03-08,2026-03-06
2025,1341439,ORACLE CORP,7372,cloud,ORCL,1986-03-12,2026-09-29,NYSE,listed,2024-06-20,2026-06-22
2025,1373715,"ServiceNow, Inc.",7372,cloud,NOW,2012-06-29,2026-09-29,NYSE,listed,2024-01-25,2026-01-29
2025,1394056,"ONE STOP SYSTEMS, INC.",3571,semis,OSS,2018-02-01,2026-09-29,NASDAQ,listed,2024-03-21,2026-03-18
2025,1419951,Data Storage Corp,7374,cloud,DTST,2010-09-20,2026-09-29,NASDAQ,listed,2024-03-28,2026-04-14
2025,1422930,"PubMatic, Inc.",7370,cloud,PUBM,2020-12-09,2026-09-29,NASDAQ,listed,2024-02-28,2026-02-26
2025,1462056,"Backblaze, Inc.",7372,cloud,BLZE,2021-11-11,2026-09-29,NASDAQ,listed,2024-04-01,2026-03-10
2025,1467623,"DROPBOX, INC.",7372,cloud,DBX,2018-03-23,2026-09-29,NASDAQ,listed,2024-02-16,2026-02-20
2025,1493594,"MACOM Technology Solutions Holdings, Inc.",3674,semis,MTSI,2012-03-15,2026-09-29,NASDAQ,listed,2024-11-12,2025-11-14
2025,1567925,"Sila Realty Trust, Inc.",6798,infra,SILA,2021-02-05,2026-07-01,NYSE,delisted,2024-03-06,2026-02-25
2025,1580808,"A10 Networks, Inc.",3576,network,ATEN,2014-03-21,2026-09-29,NYSE,listed,2024-02-29,2026-02-25
2025,1582961,"DigitalOcean Holdings, Inc.",7370,cloud,DOCN,2021-03-24,2026-09-29,NYSE,listed,2024-02-21,2026-02-24
2025,1596532,"Arista Networks, Inc.",3576,network,ANET,2014-06-06,2026-09-29,NYSE,listed,2024-02-13,2026-02-17
2025,1633978,Lumentum Holdings Inc.,3669,network,LITE,2015-08-04,2026-09-29,NASDAQ,listed,2024-08-21,2026-08-17
2025,1662972,"Blackstone Real Estate Income Trust, Inc.",6798,infra,,,,,unmapped,2024-03-28,2026-02-27
2025,1674101,Vertiv Holdings Co,3679,semis,VRT,2018-07-30,2026-09-29,NYSE,listed,2024-02-23,2026-02-13
2025,1701732,Altair Engineering Inc.,7372,cloud,ALTR,2017-11-01,2025-03-26,NASDAQ,delisted,2024-02-22,2025-02-20
2025,1713683,"Zscaler, Inc.",7371,cloud,ZS,2018-03-16,2026-09-29,NASDAQ,listed,2024-09-12,2026-09-03
2025,1730168,Broadcom Inc.,3674,semis,AVGO,2009-08-06,2026-09-29,NASDAQ,listed,2024-12-20,2025-12-18
2025,1743759,"Corsair Gaming, Inc.",3577,semis,CRSR,2020-09-23,2026-09-29,NASDAQ,listed,2024-02-27,2026-02-25
2025,1807794,Credo Technology Group Holding Ltd,3674,semis,CRDO,2022-01-27,2026-09-29,NASDAQ,listed,2024-06-24,2026-06-15
2025,1810019,"Rackspace Technology, Inc.",7370,cloud,RXT,2020-08-05,2026-09-29,NASDAQ,listed,2024-03-15,2026-03-06
2025,1835632,"Marvell Technology, Inc.",3674,semis,MRVL,2000-06-30,2026-09-29,NASDAQ,listed,2024-03-13,2026-03-11
2026,2488,ADVANCED MICRO DEVICES INC,3674,semis,AMD,1983-03-21,2026-09-29,NASDAQ,listed,2025-02-05,2026-02-04
2026,50863,INTEL CORP,3674,semis,INTC,1980-03-17,2026-09-29,NASDAQ,listed,2025-01-31,2026-01-23
2026,723125,MICRON TECHNOLOGY INC,3674,semis,MU,1989-05-16,2026-09-29,NASDAQ,listed,2025-10-03,2025-10-03
2026,751978,VICOR CORP,3679,semis,VICR,1991-11-27,2026-09-29,NASDAQ,listed,2025-03-03,2026-03-02
2026,789019,MICROSOFT CORP,7372,cloud,MSFT,1986-03-13,2026-09-29,NASDAQ,listed,2025-07-30,2026-07-29
2026,824142,"AAON, INC.",3585,infra,AAON,1992-12-16,2026-09-29,NASDAQ,listed,2025-02-27,2026-03-02
2026,860546,COPT DEFENSE PROPERTIES,6798,infra,CDP,1991-12-31,2026-09-29,NYSE,listed,2025-02-21,2026-02-20
2026,1013462,ANSYS INC,7372,cloud,ANSS,1996-06-21,2026-09-29,NASDAQ,delisted,2025-02-19,2025-02-19
2026,1014473,VERISIGN INC/CA,7371,cloud,VRSN,1998-01-30,2026-09-29,NASDAQ,listed,2025-02-13,2026-02-05
2026,1020569,IRON MOUNTAIN INC,6798,infra,IRM,1996-02-01,2026-09-29,NYSE,listed,2025-02-14,2026-02-12
2026,1043604,JUNIPER NETWORKS INC,3576,network,JNPR,1999-06-25,2025-07-02,NYSE,delisted,2025-02-21,2025-02-21
2026,1045810,NVIDIA CORP,3674,semis,NVDA,1999-01-22,2026-09-29,NASDAQ,listed,2025-02-26,2026-02-25
2026,1053507,AMERICAN TOWER CORP /MA/,6798,infra,AMT,1998-02-27,2026-09-29,NYSE,listed,2025-02-25,2026-02-24
2026,1078271,EXTREME NETWORKS INC,3576,network,EXTR,1999-04-09,2026-09-29,NASDAQ,listed,2025-08-18,2026-08-17
2026,1082733,"VISIUM TECHNOLOGIES, INC.",7371,cloud,,,,,unmapped,2025-10-07,2025-10-07
2026,1101239,EQUINIX INC,6798,infra,EQIX,2000-08-11,2026-09-29,NASDAQ,listed,2025-02-12,2026-02-11
2026,1126741,GSI TECHNOLOGY INC,3674,semis,GSIT,2007-03-29,2026-09-29,NASDAQ,listed,2025-06-18,2026-06-05
2026,1137789,Seagate Technology Holdings plc,3572,semis,STX,2002-12-11,2026-09-29,NASDAQ,listed,2025-08-01,2026-08-04
2026,1144879,Applied Digital Corp.,7374,cloud,APLD,2008-10-22,2026-09-29,NASDAQ,listed,2025-07-30,2026-07-29
2026,1158114,"APPLIED OPTOELECTRONICS, INC.",3674,semis,AAOI,2013-09-26,2026-09-29,NASDAQ,listed,2025-02-28,2026-02-26
2026,1174891,"TerraVolt Holdings, Inc.",6798,infra,,,,,unmapped,2025-04-02,2026-03-31
2026,1262039,"Fortinet, Inc.",3577,semis,FTNT,2009-11-18,2026-09-29,NASDAQ,listed,2025-02-21,2026-02-25
2026,1288469,"MAXLINEAR, INC",3674,semis,MXL,2010-03-24,2026-09-29,NASDAQ,listed,2025-01-29,2026-01-29
2026,1341439,ORACLE CORP,7372,cloud,ORCL,1986-03-12,2026-09-29,NYSE,listed,2025-06-18,2026-06-22
2026,1355839,INTELLIGENT PROTECTION MANAGEMENT CORP.,7370,cloud,IPM,2018-03-12,2026-09-29,NASDAQ,listed,2025-03-24,2026-03-17
2026,1373715,"ServiceNow, Inc.",7372,cloud,NOW,2012-06-29,2026-09-29,NYSE,listed,2025-01-30,2026-01-29
2026,1375365,"Super Micro Computer, Inc.",3571,semis,SMCI,2007-03-29,2026-09-29,NASDAQ,listed,2025-08-28,2026-08-31
2026,1394056,"ONE STOP SYSTEMS, INC.",3571,semis,OSS,2018-02-01,2026-09-29,NASDAQ,listed,2025-03-19,2026-03-18
2026,1396536,"DUOS TECHNOLOGIES GROUP, INC.",7372,cloud,DUOT,2015-04-10,2026-09-29,NASDAQ,listed,2025-03-31,2026-03-31
2026,1419951,Data Storage Corp,7374,cloud,DTST,2010-09-20,2026-09-29,NASDAQ,listed,2025-03-31,2026-04-14
2026,1422930,"PubMatic, Inc.",7370,cloud,PUBM,2020-12-09,2026-09-29,NASDAQ,listed,2025-02-27,2026-02-26
2026,1462056,"Backblaze, Inc.",7372,cloud,BLZE,2021-11-11,2026-09-29,NASDAQ,listed,2025-03-11,2026-03-10
2026,1467623,"DROPBOX, INC.",7372,cloud,DBX,2018-03-23,2026-09-29,NASDAQ,listed,2025-02-21,2026-02-20
2026,1474432,"Everpure, Inc.",3572,semis,P,2015-10-07,2026-09-29,NYSE,listed,2025-03-27,2026-03-25
2026,1493594,"MACOM Technology Solutions Holdings, Inc.",3674,semis,MTSI,2012-03-15,2026-09-29,NASDAQ,listed,2025-11-14,2025-11-14
2026,1537435,TECOGEN INC.,3585,infra,TGEN,2014-05-20,2026-09-29,AMEX,listed,2025-03-18,2026-03-19
2026,1580808,"A10 Networks, Inc.",3576,network,ATEN,2014-03-21,2026-09-29,NYSE,listed,2025-02-25,2026-02-25
2026,1582961,"DigitalOcean Holdings, Inc.",7370,cloud,DOCN,2021-03-24,2026-09-29,NYSE,listed,2025-02-25,2026-02-24
2026,1585521,"Zoom Communications, Inc.",7370,cloud,ZM,2019-04-18,2026-09-29,NASDAQ,listed,2025-02-28,2026-02-27
2026,1596532,"Arista Networks, Inc.",3576,network,ANET,2014-06-06,2026-09-29,NYSE,listed,2025-02-19,2026-02-17
2026,1609711,GoDaddy Inc.,7373,cloud,GDDY,2015-04-01,2026-09-29,NYSE,listed,2025-02-20,2026-02-25
2026,1633978,Lumentum Holdings Inc.,3669,network,LITE,2015-08-04,2026-09-29,NASDAQ,listed,2025-08-19,2026-08-17
2026,1662972,"Blackstone Real Estate Income Trust, Inc.",6798,infra,,,,,unmapped,2025-03-07,2026-02-27
2026,1701732,Altair Engineering Inc.,7372,cloud,ALTR,2017-11-01,2025-03-26,NASDAQ,delisted,2025-02-20,2025-02-20
2026,1713683,"Zscaler, Inc.",7371,cloud,ZS,2018-03-16,2026-09-29,NASDAQ,listed,2025-09-11,2026-09-03
2026,1730168,Broadcom Inc.,3674,semis,AVGO,2009-08-06,2026-09-29,NASDAQ,listed,2025-12-18,2025-12-18
2026,1736297,"Astera Labs, Inc.",3674,semis,ALAB,2024-03-20,2026-09-29,NASDAQ,listed,2025-02-14,2026-02-20
2026,1743759,"Corsair Gaming, Inc.",3577,semis,CRSR,2020-09-23,2026-09-29,NASDAQ,listed,2025-02-26,2026-02-25
2026,1807794,Credo Technology Group Holding Ltd,3674,semis,CRDO,2022-01-27,2026-09-29,NASDAQ,listed,2025-07-02,2026-06-15
2026,1810019,"Rackspace Technology, Inc.",7370,cloud,RXT,2020-08-05,2026-09-29,NASDAQ,listed,2025-03-21,2026-03-06
2026,1835632,"Marvell Technology, Inc.",3674,semis,MRVL,2000-06-30,2026-09-29,NASDAQ,listed,2025-03-12,2026-03-11
2026,1868516,"StratCap Digital Infrastructure REIT, Inc.",6798,infra,,,,,unmapped,2025-05-09,2026-03-31
